country,founded,id,industry,linkedin_url,locality,name,region,size,website
india,2017,MqBll8qweSnlou4BSOiWsgJqvoH1,information technology and services,linkedin.com/company/dhanush-building-systems,bangalore,dhanush building systems,karnataka,11-50,dhanushbuildingsystems.com
india,2019,Ps7rgdCoNk8P7EbMLcmmEwpEalUY,information technology and services,linkedin.com/company/indori-tech,indore,indori tech,madhya pradesh,1-10,indoritech.com
india,2015,Cz2phgcD3WWCQO4ahyPbbAWmWllT,information technology and services,linkedin.com/company/xervizwlobal,madgaon,xerviz wlobal,goa,11-50,xervizwlobal.com
india,,CXVQurHfGMpT0VBwnf6z8Q19FamJ,information technology and services,linkedin.com/company/bangalore-bio-technologies-products,bangalore,bangalore bio technologies products,karnataka,201-500,liquidbiofertilizers.com
india,,LzkY7UJHVBqB0tQnPkFKfQVW2mku,information technology and services,linkedin.com/company/versatile-software-technologies,hyderābād,versatile software technologies,telangana,51-200,versatilesoftwaretech.com
india,,xBP4IlIOWB82CHHrkxv4KwpoUVWO,information technology and services,linkedin.com/company/friends-digital-colour-solutions,delhi,friends digital colour solutions,delhi,11-50,friendsprintshop.com
india,2019,rPxqpBPrVH8ZD446V14sXwgT3Yz2,information technology and services,linkedin.com/company/spective-technologies-pvt-ltd,ahmedabad,spective technologies pvt ltd,gujarat,11-50,spective.in
india,2019,UkknnRBkeQ1UhCB1WwPXJwyQtR0W,information technology and services,linkedin.com/company/digitalbash,pune,digitalbash,maharashtra,201-500,digitalbash.in
india,,5plMB0gSyiP4l6riLmQ0jgUCNZK5,information technology and services,linkedin.com/company/netalytics-security,mumbai,netalytics security,maharashtra,11-50,
india,2021,sKsCcL9iqBeeVtUbS2YSrQASsCbO,information technology and services,linkedin.com/company/conscious-technologies,bangalore,conscious technologies,karnataka,11-50,consciotech.com
india,2006,vCUTmLNAeYCugukDBzXwEwFczrjB,information technology and services,linkedin.com/company/dc10g-com,noida,dc10g,uttar pradesh,51-200,dc10g.com
india,2000,J9LhDPnFNRM2owdjIahe8wFaUati,information technology and services,linkedin.com/company/securitt,bangalore,securitt,karnataka,1-10,
india,2011,OGXufhTqxZby6FM7R6FXbwtqI8Km,information technology and services,linkedin.com/company/coartha-technosolutions,hyderābād,coartha technosolutions pvt. ltd.,telangana,11-50,coartha.com
india,2017,rIislBEEpiJ6l6ofD0aC8AZUOnzn,information technology and services,linkedin.com/company/one2allsolutions,mumbai,one2all solutions,maharashtra,1-10,
india,2013,hGa1EKdelM0JqlMRD4LCuADepyDy,information technology and services,linkedin.com/company/pws-technext,civil township,pws technext,odisha,1-10,pwstechnext.in
india,2020,saBxemSYgkwa8wCB9BL9pQNpN1Lj,information technology and services,linkedin.com/company/webnstack,jaipur,webnstack it solution pvt ltd,rajasthan,11-50,webnstack.com
india,2016,InIA49zZ5fbBL1nwRs8xWwYA4Yek,information technology and services,linkedin.com/company/davovi-online-services,chennai,davovi,tamil nadu,51-200,davovi.net
india,2015,BXEnifSGkn9WwmMTxCn47gEC6hIn,information technology and services,linkedin.com/company/traffic-digital-india,delhi,traffic digital,delhi,11-50,trafficdigital.in
india,,AYeTI0N5UOKA7prbk5yGtg7zuBUw,information technology and services,linkedin.com/company/website-pixel,new delhi,website pixel,delhi,201-500,
india,2006,QdC0gpw75v8zs4McyAonHAF69Xks,information technology and services,linkedin.com/company/skynet-solution,kolkāta,skynet solutions,west bengal,51-200,skynetsol.com
india,2022,7UdN6aLgdzde17m9zcs3wQRRi1M0,information technology and services,linkedin.com/company/ascanius-private-limited,koregaon mul,ascanius private limited,maharashtra,1-10,
india,,HPmS4HI5bCKJ76igVqyX5wcyw3yi,information technology and services,linkedin.com/company/asia-hosting,,asia hosting,,1-10,asiahosting.in
india,,T5jPgZyurOqdEqJF4rXBfg04TVa4,information technology and services,linkedin.com/company/ai-club-smit,majitar,ai club smit,sikkim,1-10,
india,2016,LdQYaJukwtN7A628LyP8yQdO7qDD,information technology and services,linkedin.com/company/99websolutions,noida,99websolutions,uttar pradesh,1-10,99websolutions.com
india,2015,zXeGDLKseZ0ZIC7gQC4VOggICyVV,information technology and services,linkedin.com/company/dreams-techno,jaipur,dreams technologies,rajasthan,11-50,dreamstechnologies.in
india,,DYdRut5tdkfkt6YTkNTuwQxV682K,information technology and services,linkedin.com/company/ace-technologies-solutions,bangalore,ace technologies solutions,karnataka,201-500,acetechsolutions.in
india,2014,YxG7GmS2Ph4sBIj9f70EagtfHuk9,information technology and services,linkedin.com/company/diastark-technologies-pvt.-ltd.,indore,diastark technologies pvt. ltd.,madhya pradesh,11-50,
india,2022,wG2ierlTFKTusJsgX6BvBwCetPev,information technology and services,linkedin.com/company/icore-dotcom,bangalore,icore dotcom,karnataka,1-10,icoredotcom.in
india,,CbouBRzNW5lWGZ3UT33rkwyooyvr,information technology and services,linkedin.com/company/sarveitsolutions,hyderābād,sarve it solutions,telangana,201-500,sarveit.com
india,2018,9DTDcvWrwGZnGEHmgQS0tQZyxgJw,information technology and services,linkedin.com/company/techapult-opc-private-limited,bangalore,techapult,karnataka,11-50,techapult.com
india,,yhkvHgINp4wjNzmXzxG46AdNPKTK,information technology and services,linkedin.com/company/sun-astro-technologies,mumbai,sun astro technologies,maharashtra,51-200,indiamart.com/sun-astro-technologies
india,2006,X9cP3v6bVjWjvRssYtjrWAq9FCPx,information technology and services,linkedin.com/company/akriti-softwares,noida,akriti softwares,uttar pradesh,51-200,akritisoftwares.com
india,2019,AjZEQSQI9Vj4e5FmQe3NagoOt6Ss,information technology and services,linkedin.com/company/porlob-technologies-pvt-ltd,thāne,porlob technologies pvt ltd,maharashtra,11-50,
india,2023,RYTKBj1CJ6BtLVA2PKxOUQrzN0Fu,information technology and services,linkedin.com/company/quantarock-systems,indore,quantarock systems,madhya pradesh,11-50,quantarock.in
india,,Hp5J2yomWEj6AAg8v5U2Cw1VYcEE,information technology and services,linkedin.com/company/goodwill-computers,pune,goodwill computers,maharashtra,51-200,infoline.in
india,2011,M1PALzBanhbglrL4NHBh5Qdg3REw,information technology and services,linkedin.com/company/axis-web-art-private-limited,jaipur,axis web art private limited,rajasthan,51-200,axiswebart.com
india,2002,wFsT3DbsjblTrZYPHFgQPgjRhcjW,information technology and services,linkedin.com/company/websitedevelopmentdehradun,dehra dūn,website development dehradun,uttarakhand,1-10,websitedevelopmentdehradun.com
india,2015,nstr7uk2vL3l7eODjjA1wAol6k4S,information technology and services,linkedin.com/company/thirdeyesurveillanceprivatelimited,noida sector 62,third eye,uttar pradesh,11-50,iiieye.in
india,2021,DqefuHTeE4oS7aSpyQANtg9zXipX,information technology and services,linkedin.com/company/nexainfotechs,sūrat,code learn,gujarat,1-10,code-learn.org
india,2017,9wGp0Q8iIdVttEEwppnhAgrPdj9q,information technology and services,linkedin.com/company/reflekt-visual-pvt-ltd,palam vihar,reflekt visual pvt ltd.,haryana,51-200,reflektvisual.com
india,,yUK2KqaRZCHql2cfmyHpCg5wtEi3,information technology and services,linkedin.com/company/amco-infotech,mumbai,amco infotech,maharashtra,11-50,indiamart.com/amco-infotech
india,2018,KCZvbqgI9BeYlzG2OWb44wWJmRZ0,information technology and services,linkedin.com/company/sonicbolt-technologies,bangalore,sonicbolt technologies,karnataka,11-50,sonicbolt.com
india,2018,IO4OP6DwrhIe2G8yFZuVGgkelxW9,information technology and services,linkedin.com/company/crisnm,hsr layout,crisnm,karnataka,51-200,
india,2014,lLTDCMnvRoDMTlVnvOTkZwfoZAvZ,information technology and services,linkedin.com/company/designnxt,indore,designnxt technosoft pvt. ltd.,madhya pradesh,1-10,designnxt.com
india,2017,FUVdfXNtqCJKlfGltWSGqAnE12Q0,information technology and services,linkedin.com/company/saarthi-ai,bangalore,saarthi.ai,karnataka,51-200,saarthi.ai
india,2022,lBUmNcMBSgWcKNUkFGtUjgBlk7dM,information technology and services,linkedin.com/company/ranlo-technologies,new street,ranlo technologies,tamil nadu,11-50,ranlotechnologies.com
india,2017,7kV9oRojRc3Ed73Zd39BZw6KkQZ7,information technology and services,linkedin.com/company/swarnimtouch-solutions-pvt-ltd,ahmedabad,swarnimtouch solutions pvt ltd,gujarat,1-10,
india,,lkZVoZBCfITplCtidnBUSweVLKUF,information technology and services,linkedin.com/company/pixelonic-technologies,gurgaon,pixelonic technologies,haryana,11-50,pixelonictechnologies.com
india,2019,BA5qC2ZFRoB7Jd2wriCFDgROiH4E,information technology and services,linkedin.com/company/techqualitas,gurugram,techqualitas,haryana,1-10,techqualitas.com
india,2009,P75O6SqPE1BQtWZrf653HQhmYwsE,information technology and services,linkedin.com/company/femcike-technologies,calicut,tech m,kerala,11-50,techmalabaricus.com
india,2006,6jcd1YzJs9fiLwutqbZRBwwMyS4V,information technology and services,linkedin.com/company/aishan-technologies,bangalore,aishan technologies,karnataka,11-50,
india,2013,GPAbEvSwcw9IUGYhtTb3NwYljJQg,information technology and services,linkedin.com/company/web-tech-blaster,jaipur,web tech blaster,rajasthan,11-50,webtechblaster.com
india,2021,gsnk84DCaMzgK6FS0gUDCgP3kaKU,information technology and services,linkedin.com/company/initiators-technology,nashik,initiators technology pvt. ltd.,maharashtra,1-10,initiatorstechnology.com
india,2011,WDhPhyBaQdGuLxy2bviMDwxbg0vD,information technology and services,linkedin.com/company/amiyon,infopark-kochi,amiyon solutions private limited,kerala,11-50,amiyon.com
india,2022,RCZ6YtjkwBcFPlisryqfyw8DlNz9,information technology and services,linkedin.com/company/b-e-asia-private-limited,ahmedabad,b e asia private limited,gujarat,51-200,
india,,g44JUuhNFTcQRarBbwQFqQWl1fVn,information technology and services,linkedin.com/company/musafir---india,mumbai,musafir - india,maharashtra,1-10,
india,,7Bp1B4hjHB6NBBJYTumHQQ3g7M2u,information technology and services,linkedin.com/company/mahadev-solutions,,mahadev solutions,andhra pradesh,1-10,mahadev-solutions.business.site
india,2023,19GcLJUvJeTtknFIqkLa4Q8w4kEd,information technology and services,linkedin.com/company/wppandit,jiāganj,stealthcoder technologies,west bengal,1-10,7coder.tech
india,,EjusmCMCoHkY8bJ0fazwow7VGa1B,information technology and services,linkedin.com/company/eco-max-technologies,noida,eco max technologies,uttar pradesh,201-500,ecomaxtechnologies.com
india,,CI1oE9TG40nW0xC6vFdk7AeiwkWG,information technology and services,linkedin.com/company/pshyco-technology,dhrol,pshyco technology,gujarat,1-10,pshycotech.in
india,2012,gqOxsHWzignZpUT0AE0zmA2L576L,information technology and services,linkedin.com/company/4u-software-solutions,bhubaneshwar,4u software solutions,odisha,11-50,4usoftwaresolutions.com
india,,Nqxc2HZYqCOQNLLrQlpICgh5dyOB,information technology and services,linkedin.com/company/sai-infocare-pvt-ltd---india,new delhi,sai infocare pvt. ltd - india,delhi,1-10,saiinfocare.com
india,,J8vClt0mwJJvAgSkvUCnHwN4VDVg,information technology and services,linkedin.com/company/java-technolog-center,new delhi,java technolog center,delhi,201-500,javatechnologycenter.com
india,,2R57HCE8RxuxGKuU5UFCagYyN9gK,information technology and services,linkedin.com/company/s-h-gadhiya,rājkot,s h gadhiya,gujarat,1-10,dmrajkot.blogspot.com
india,,ajBIHR712FlfESwOEljvOgykvjjK,information technology and services,linkedin.com/company/ravenoustech,ahmedabad,ravenous technology solutions pvt. ltd.,gujarat,1-10,
india,2014,NdMkxBWCUPUrggCkdDgNJA8fssXQ,information technology and services,linkedin.com/company/base-2-media-works-india,chennai,base 2 media works,tamil nadu,11-50,base2.in
india,2018,Ylp30R6DZgncwqsxju4alg7wE6l7,information technology and services,linkedin.com/company/enginesoftinfo,nagar,enginesoft infosolutions pvt ltd,uttar pradesh,11-50,enginesoft.in
india,2019,zR7CcxwgyHxTB7uyGeXvCQH6Hgkp,information technology and services,linkedin.com/company/saranitsolutions,bangalore,saran it solutions,karnataka,1-10,saranits.com
india,2020,vr5OdaoQSiUlvAVuVOxVfANtxD6h,information technology and services,linkedin.com/company/techwera-it-solutions,patna,techwera it solutions,bihar,11-50,techwera.com
india,,ABGkU4Fq8btUNA3N2NyGNw9AGG1b,information technology and services,linkedin.com/company/unitech-nohmi-fire-protection-system-private-limited,gurgaon,unitech nohmi fire protection system private limited,haryana,201-500,unitechnohmi.com
india,1995,39gkjrahR8mtmvYSu4byLwR862t0,information technology and services,linkedin.com/company/ciinfotech,new delhi,ci infotech pvt ltd,delhi,201-500,ciinfotech.net
india,2020,GBjGOybVHBOuLv8xX39ZkAmQK34C,information technology and services,linkedin.com/company/squadloophq,mahavir enclave,squadloop,delhi,1-10,squadloop.com
india,,MBnwH7Ccs03fhDYWVetTKQGMh0ib,information technology and services,linkedin.com/company/dev-softies,vārānasi,dev softies,uttar pradesh,51-200,devsofties.com
india,2019,93V5JbmSUBiduCtpYlPkvA4lPOKs,information technology and services,linkedin.com/company/soft-tech-it-solution-pune,pune,soft tech it solution,maharashtra,1-10,softtechitsolution.com
india,2007,cI3ziZJpSeM1IPfZlA2S9whBJN3M,information technology and services,linkedin.com/company/rutujacreation,ahmedabad,rutujacreation,gujarat,1-10,
india,,jYHXNufU0aw9eoZchwOCSgGl6KG0,information technology and services,linkedin.com/company/allwin-computers---india,mumbai,allwin computers - india,maharashtra,1-10,allwincomputers.com
india,2019,RgDeLBwrSgieC1fSeqvYdwVRBhGS,information technology and services,linkedin.com/company/ioweb-in,kanpur,ioweb technology,uttar pradesh,11-50,ioweb.in
india,,lSZIX8rH0VpnKfXrn1h9DgpuOynj,information technology and services,linkedin.com/company/razzil,,razzil,,1-10,razzil.com
india,2022,9Zej2Wg3Yx4b80w0kTiz6AIGRG97,information technology and services,linkedin.com/company/futureintelie-co,pune,futureintelie,maharashtra,11-50,
india,2012,pczCyV5FnqiBcyNBC7xgaQsughWv,information technology and services,linkedin.com/company/aarushi-infotech,sri rampura 2nd stage,aarushi infotech,karnataka,11-50,aarushiinfotech.com
india,,wUgECfCbFrCmKVbxPG3gTAeEmAkB,information technology and services,linkedin.com/company/metacortex-technologies-llp,dighi camp,metacortex technologies llp,maharashtra,1-10,metacortex.in
india,,2NWkMDCdywwT0MCHefto6A3s1sa8,information technology and services,linkedin.com/company/itechnion-solutions,madurai,itechnion solutions,tamil nadu,51-200,itechnion.com
india,2018,JSJRTUbM1WBUkmx7IcaqpwJtzYrq,information technology and services,linkedin.com/company/mageindia,sohna,mageindia,haryana,51-200,mageindia.co.in
india,,HrefAhiDfCVYMqoKDUUHBQmMoHId,information technology and services,linkedin.com/company/ksrdatavizon,bangalore,ksr's datavizon,karnataka,51-200,ksrconsultantservices.com
india,2015,cnOslVnCuRzRaXeM9JazQQpBXhrG,information technology and services,linkedin.com/company/vepabiz-consultants,hyderābād,vepabiz consultants,telangana,11-50,vepabiz.com
india,2019,9C0VFPbMBqun77BZSlp9fATO95E2,information technology and services,linkedin.com/company/ss-technologies-goa,madgaon,s.s.technologies,goa,1-10,sstechnologiesgoa.com
india,2021,HaZhMyfCUmNqYqB5U8AcPg6SiHLn,information technology and services,linkedin.com/company/digital-vision-solitario,ahmedabad,digital vision solitario,gujarat,51-200,digitalsolitario.com
india,2017,Civn9ElfLlhx4JJcmICmbAHusG4C,information technology and services,linkedin.com/company/bimfrotek-structural-engineering-private-limited,puthuppanam,bimfrotek structural engineering private limited,kerala,1-10,bimfrotek.com
india,2018,OdhIKRdLqFyk6ea2yxqrEQ5yGe2a,information technology and services,linkedin.com/company/site-and-growth,nāgpur,site & growth,maharashtra,11-50,siteandgrowth.com
india,2001,Ecy8Oy4SBAl7SS5ZPBCvqgPIRzYG,information technology and services,linkedin.com/company/vidyut-info-solutions-private-limited,chennai,vidyut info solutions private limited,tamil nadu,11-50,vidyutinfo.com
india,2021,0tALe9bWbrwdmX3Ykar1UwI3THXw,information technology and services,linkedin.com/company/dzire-technologies,bangalore,dzire technologies,karnataka,11-50,dziretechnologies.com
india,2020,dB09b5PVODTY2fGG3tCV4A2yFVZG,information technology and services,linkedin.com/company/hostlites,murshidābād,hostlite web solutions,west bengal,1-10,hostlite.in
india,2017,vcbLKhNCBeQczPqKIOhEywfMOrK4,information technology and services,linkedin.com/company/newstreettech,bangalore,new street tech,karnataka,51-200,newstreettech.com
india,2016,agbMlmrm4ZDOnl7AxCWWPQBHjxAF,information technology and services,linkedin.com/company/cloudifyops,bangalore,cloudifyops,karnataka,51-200,cloudifyops.com
india,2017,er3PqLsiqLBjlHcA4EigFA607jo5,information technology and services,linkedin.com/company/insights-e,kochi,insightse,kerala,11-50,insightse.com
india,,jl85vRtUTVkAVzoPCVI3HwlGmxtn,information technology and services,linkedin.com/company/column-hosting,pune,column hosting,maharashtra,1-10,columnhosting.com
india,2015,WIjpcHbXzeBIaX98apEyJAOs5r8E,information technology and services,linkedin.com/company/funconf,gurgaon,funconf,haryana,1-10,
india,2014,qn5yCZIwlWb5LFrbG91GowaReceJ,information technology and services,linkedin.com/company/unbiased-minds,vasai-virar,unbiased minds,maharashtra,1-10,unbiasedminds.com
india,2015,u6hdsBnJ2Z7Phxul3xLuAgggyQoa,information technology and services,linkedin.com/company/pranam-creative-solutions-pvt-ltd,nāgpur,pranam creative solutions pvt ltd,maharashtra,11-50,pranam.co.in
india,1999,BsEQJ0NCN7iZIy1uxDEUpgJ3w1TD,information technology and services,linkedin.com/company/stageforall,,sysnet global technologies pvt. ltd.,,1001-5000,
india,2018,br13u6HBHr8jeochW705uAN1069u,information technology and services,linkedin.com/company/hertenco,navi mumbai,herten technologies pvt ltd,maharashtra,11-50,hertengroup.com
india,2018,2MqC8s7xAEFaSF8boFXxVwFzsNBD,information technology and services,linkedin.com/company/fusiongiant,millenium business park,fusiongiant,maharashtra,11-50,fusiongiant.com
india,,nho6cvy8EnoQKaxazC7wQgs20zgP,information technology and services,linkedin.com/company/univesal-power-solutions,mumbai,univesal power solutions,maharashtra,11-50,
india,2010,7S7ntA6C3dKRVRuXksHgogtGKhcE,information technology and services,linkedin.com/company/code-domain-solutions,mumbai,code domain solutions,maharashtra,1-10,codedomainsolutions.com
india,2017,mBhk5QshP7E1ucx3BNO3PQfYa3H6,information technology and services,linkedin.com/company/dot-com-inventions,panchkula,dot com inventions,haryana,1-10,dotcominventions.com
india,2009,BmEmMTzOxErO83wDT0a2YgkSvfzP,information technology and services,linkedin.com/company/swarnim-infosoft,noida sector 16,swarnim infosoft,uttar pradesh,11-50,swinfosoft.com
india,2014,ZTNxZp0xRmYCZXc6vMHQbgMdsdC5,information technology and services,linkedin.com/company/app-innovation,mohāli,"app innovation | ui/ux design, software development",punjab,1-10,appinnovation.in
india,2016,pXeSq9PXUjDDjBLFNYEm8ASo3j9T,information technology and services,linkedin.com/company/offcampusqueue-jobs-pvt-ltd,bangalore,wishlesson technologies pvt. ltd.,karnataka,1-10,wishlesson.com
india,,hCr9h9NDEb3o9wXAOLCPswiSuAY2,information technology and services,linkedin.com/company/nk-computer-service-centre,gingee,nk computer service centre,tamil nadu,1-10,nk-computer-service-centre.business.site
india,2020,q8oZ9e7CWBnAgJBXCp5jzQ2Zxh7O,information technology and services,linkedin.com/company/exxp,vārānasi,exxp,uttar pradesh,11-50,exxptechnologies.com
india,2015,BRai4ZtBHQPzkVc1L16qiwznPcah,information technology and services,linkedin.com/company/vedx-technologies,sūrat,vedx technologies,gujarat,1-10,vedxtechnologies.com
india,,3pxg311Y9pRIT07Qe4GZMgB1UzvD,information technology and services,linkedin.com/company/social-web-alliance,new delhi,social web alliance,delhi,201-500,riddhihrservices.com
india,,BCqddlqZhy5hiQHEUG9WUgn1vSpQ,information technology and services,linkedin.com/company/techno--tech-marketing-india-private-limited,delhi,techno- tech marketing india private limited,delhi,11-50,indiamart.com/techno-tech-marketing
india,,BeA6TPQw6Cd6ky7quUhxvgMzCnKQ,information technology and services,linkedin.com/company/10s-zeus-infotech-pvt-ltd---india,chennai,10s zeus infotech pvt. ltd. - india,tamil nadu,1-10,10szeus.com
india,2015,V7Xm3Ht6AL52LCpoXuVU0gl4XcjK,information technology and services,linkedin.com/company/it-world-technologies,noida sector 27,it world technologies,uttar pradesh,51-200,itworldtechs.in
india,2021,VvOSyE8d6wwwB0h7958zDQLdxG3N,information technology and services,linkedin.com/company/skystart-digital,bus stand,skystart digital,andhra pradesh,1-10,skystart.in
india,2020,a0vP67qufzNJ1RJ4MMtIPwiOakdG,information technology and services,linkedin.com/company/kyros-infotech,sūrat,kyros infotech,gujarat,11-50,kyrosinfotech.com
india,2013,rNDDw6Lyq70q9PP40RNdmQNyYmF5,information technology and services,linkedin.com/company/soinit-technology-solutions-pvt--ltd-,kolkāta,soinit technology solutions pvt. ltd.,west bengal,11-50,soinit-ts.com
india,2009,wvGaYqMLWpz0rndkzHuZ9QCkwEIk,information technology and services,linkedin.com/company/elphill-technology,kolkāta,elphill technology private limited,west bengal,51-200,elphilltechnology.com
india,,AqBkAGBE5jfMwFcRZZpw8wpInHk6,information technology and services,linkedin.com/company/rathi-computers,chennai,rathi computers,tamil nadu,11-50,
india,2011,77ynLc2SLDZs1sz8hq24jgQkde8s,information technology and services,linkedin.com/company/wvsoftek,bangalore,world vision softek,karnataka,11-50,wvsoftek.com
india,2019,TCPC7EPhQaS50CuBtmuEPQ1euxNh,information technology and services,linkedin.com/company/isk-infosoft,sūrat,isk infosoft,gujarat,1-10,iskinfosoft.com
india,,wkCWBXnSBjD6YQTYp21BEQUuv3c4,information technology and services,linkedin.com/company/z7-infotech,,z7 infotech,,1-10,emplementation.com
india,,H69eXpz6qvg6HVIHABDaFQndE8Pm,information technology and services,linkedin.com/company/enablesphere-private-limited,bangalore,enablesphere private limited,karnataka,11-50,enablesphere.com
india,,pazWQ1zKffUrDHHJB1buIgGyddie,information technology and services,linkedin.com/company/i2mf,noida,i2mf (idea to market fit),uttar pradesh,11-50,i2mf.in
india,2018,mf4EToh9LT4pBPBuz0yYuA1eslFn,information technology and services,linkedin.com/company/iamfirst,nāgpur,i am first digition solutions pvt ltd,maharashtra,11-50,iamfirst.in
india,,KKqPOEENezXUYSpxGOUPKQaz7359,information technology and services,linkedin.com/company/eki-communication-private-limited,thāne,eki communication private limited,maharashtra,11-50,
india,,OxwprSBvnn6zOm46JDC9MQintBYR,information technology and services,linkedin.com/company/mb-water-technologies,chennai,mb water technologies,tamil nadu,201-500,indiamart.com/mb-watertechnologies
india,2009,PzBzQT83FAnyzHPbfNt9DgU6QrkI,information technology and services,linkedin.com/company/om-infosolutions,ānand,om infosolutions inc.,gujarat,51-200,ominfosolutions.com
india,2011,foTCga1tlC3q7p8rdEHf9A8mOCTZ,information technology and services,linkedin.com/company/ocular-systems,bārāmati,ocular systems,maharashtra,1-10,ocularsystems.in
india,,hjkilc5EJI3j8LxxnsO0sQg0PAKP,information technology and services,linkedin.com/company/yash-computers---india,,yash computers - india,,1-10,yashcomputerspune.com
india,2020,1BPJBy3SGJ4RyeqkCOc8kQGYTd2s,information technology and services,linkedin.com/company/mahir-technology,vadodara,mahir technology,gujarat,1-10,mahir-tech.com
india,,5G4q1tWccOtBGK7BeSvI2AqHwbyB,information technology and services,linkedin.com/company/azad-institute-of-engineering-&-technology,lucknow,azad institute of engineering & technology,uttar pradesh,51-200,
india,1993,NDx4csF0iCpkaGK6vKN6hAz4hh38,information technology and services,linkedin.com/company/raj-info-enterprise-pvt-ltd---india,rājkot,raj info enterprise pvt. ltd.,gujarat,51-200,rajinfo.co.in
india,2011,GokFXNseFP55ScDUtleplQyuNXLi,information technology and services,linkedin.com/company/abpm-solutions-privated-limited,tiruppūr,abpm solutions private limited,tamil nadu,51-200,abpm.in
india,2023,slmU6bCZG9DRLd2fIEcCXgkVsB91,information technology and services,linkedin.com/company/global-defensive-security,bhopāl,global defensive security,madhya pradesh,11-50,globaldefensivesecurity.com
india,2011,WhBGr3RbRtKn8ucdbqiWoglXfYuf,information technology and services,linkedin.com/company/behind-methods,pune,behind methods,maharashtra,1-10,behindmethods.com
india,2013,ZqrRR3fjczlT2gCQIJzCegXQllao,information technology and services,linkedin.com/company/phppoets,udaipur,php poets it solutions pvt. ltd.,rajasthan,11-50,phppoets.com
india,2019,3BJVbHY6mfxvtj0W9BOEGwa0IHNP,information technology and services,linkedin.com/company/thecontently,rājkot,the contently,gujarat,1-10,thecontently.com
india,2008,Iz365lZKvVXP9JFLxyiVnASzZyiv,information technology and services,linkedin.com/company/astha-technology,sūrat,astha technology solutions private limited,gujarat,11-50,asthatechnology.com
india,2015,GCnHyUHcMWXscLKQWWLQxghUO3JX,information technology and services,linkedin.com/company/infiniteconcepts,kochi,infinite concepts,kerala,11-50,infiniteconcepts.in
india,1986,F8qk3ibN7KxgVRbsd946WQaci5XL,information technology and services,linkedin.com/company/trivedilawfirm,hyderābād,trivedi law firm,telangana,11-50,trivedilawfirm.in
india,,zofZGqWPoXHR5VKxCN1TCAwd2W5j,information technology and services,linkedin.com/company/digital-radium---india,,digital radium - india,,1-10,
india,,LAEpfbesRwdcY4Lmt5hmiA4tpN1T,information technology and services,linkedin.com/company/ventana-building-systems-private-limited,hyderābād,ventana building systems private limited,telangana,51-200,indiamart.com/ventanabuildingsystems
india,,wAw4YVWqfVB6NXi1bJoCVgmlI81E,information technology and services,linkedin.com/company/hostleafy,tiruchirappalli collectorate,hostleafy,tamil nadu,1-10,hostleafy.com
india,,es2B0QWGoSF5gSgMB4r8rAm3dLDT,information technology and services,linkedin.com/company/indian-technological-products-p.-limited.,lajpat nagar,indian technological products p. limited.,delhi,51-200,
india,2011,4AB9GzhQKEVcDvjIU0uxzwcTerjV,information technology and services,linkedin.com/company/bitfinch-technologies-pvt-ltd-,kolkāta,bitfinch technologies pvt. ltd.,west bengal,11-50,bitfinch.com
india,2019,lapPtJi0tI8iSfbNsGBVKwBTsZ1H,information technology and services,linkedin.com/company/infotiatetecno,mumbai,infotiate tecnosys pvt ltd,maharashtra,1-10,infotiate.com
india,2019,iX1COzrOU8BAfbsc0glRGAPs3vjI,information technology and services,linkedin.com/company/omnelowcode,pune,omnelowcode,maharashtra,51-200,omnelowcode.com
india,2018,eOyUBdKUWFuOTLwYfMdBIA38GfKW,information technology and services,linkedin.com/company/advertpacific,noida,pacific advert,uttar pradesh,1-10,subaj.com
india,1996,NlnYWPv73RV7W88QEbB9Bg9kTzIi,information technology and services,linkedin.com/company/trigeo-technologies-pvt-ltd,hyderābād,trigeo technologies pvt ltd,telangana,501-1000,trigeo.net
india,2022,hlJGyUgHxRjYstDWG3HBCgbA1cyv,information technology and services,linkedin.com/company/sos-start-of-stories,ahmedabad,sos (start of stories),gujarat,11-50,startofstories.com
india,,Dhq8TRuMRHQ2aI9XYHxuCwxaZPtH,information technology and services,linkedin.com/company/delhi-life-solutions,new delhi,delhi life solutions,delhi,201-500,wwwdelhilifesolutions.com
india,,9LiHKQdLfddlPXVM2ChhlwvtwEc4,information technology and services,linkedin.com/company/ginani-infotech,murlipura,ginani infotech,rajasthan,51-200,ginaniinfotech.com
india,2010,r0OT1SguJt7mZk70ohI9dAxFSBzL,information technology and services,linkedin.com/company/ascon-global,pune,ascon global,maharashtra,11-50,
india,2017,iNxf0kJwtZTPtYOPTAR9UgLjuOyq,information technology and services,linkedin.com/company/infomore-it-consultancy,mumbai,infomore it consultancy,maharashtra,1-10,
india,,1VGRSb0ZZ4UGGtQ71zMk8Qvjz5ik,information technology and services,linkedin.com/company/ampexweb,bangalore,ampex web,karnataka,11-50,ampexweb.com
india,,FGZqFj6FgfPwbURwk3uWDQRwKrHP,information technology and services,linkedin.com/company/fibreglass-reinforced,industrial estate,fibreglass reinforced,maharashtra,51-200,fibreglassind.in
india,2019,TfqtwyQUGAshsVzzYzrziQxsSQz6,information technology and services,linkedin.com/company/ananya-networks-india-pvt-limited,bangalore,ananya networks india pvt limited,karnataka,1-10,
india,2014,p2DBpNlRIEC26OjmCCK4CAN8yb23,information technology and services,linkedin.com/company/rajan-infotech-solution,little kanchipuram,rajan infotech solution,tamil nadu,11-50,rajaninfo.in
india,2019,23B1jDzajXHuBwlvZxif7gfzSImr,information technology and services,linkedin.com/company/sosap-technologies-and-consultants,mumbai,sosap technologies and consultants,maharashtra,1-10,sosaptechnologies.in
india,2021,T0Yc0fN2GprV5Zkj1W6YpAkq3XEk,information technology and services,linkedin.com/company/extropy-systems,noida,extropy systems,uttar pradesh,11-50,extropysystems.com
india,2017,UNx04ozPdhWgpReEvZl4owqJjzmj,information technology and services,linkedin.com/company/fadel-software-solutions-pvt-ltd,hyderābād,fadel software solutions pvt ltd,telangana,11-50,
india,,5OfY1pPeWbln1q7JBiZFcAs6v2lw,information technology and services,linkedin.com/company/adityahrudayam-technologies,hyderābād,adityahrudayam technologies,telangana,51-200,adityahrudayam.com
india,2018,Ep1cYJKyumTJXen0ZHIRagpEgeC1,information technology and services,linkedin.com/company/tracstarsinformatic,bhubaneshwar,tracstars informatics private limited,odisha,1-10,tracstarsinformatics.com
india,2016,MyxYUXinCllZYCGbDFeFOA1lYs3h,information technology and services,linkedin.com/company/pm-it-solution,jaipur,pm it solution,rajasthan,11-50,thepmitsolution.com
india,2020,CySNWtWj3rbEwYFjuJ6ZLAdJ5RfC,information technology and services,linkedin.com/company/panchanga-tech,chānda,panchanga.tech,maharashtra,1-10,panchanga.tech
india,2022,vcHABhxvlpvTBOvIZXb86QGqenGn,information technology and services,linkedin.com/company/lltsit,ghāziābād,llts it pvt ltd,uttar pradesh,11-50,lifelongtechsolutions.com
india,2008,S5baxjxRfXJY4s848tHIogM7yA5o,information technology and services,linkedin.com/company/qubeta-techno-lab,ahmedabad,qubeta technolab,gujarat,11-50,
india,,lTy8m5A2fcKjUWmeEQhUbgm82WA5,information technology and services,linkedin.com/company/gulmohar-integrated-brand-solutions,mumbai,gulmohar integrated brand solutions,maharashtra,201-500,gibs.net.in
india,,7PJCQmrZqTIBJSxNw9k8KgSieFVf,information technology and services,linkedin.com/company/cipher-infotech,chennai,cipher infotech,tamil nadu,201-500,oonlinemovie.com
india,2022,x9BgjbGxB9EkJwSc20LUcgARLvhh,information technology and services,linkedin.com/company/horse-waves-technology,jp nagar iii phase,horse waves technology,karnataka,1-10,horsewavestechnology.in
india,,QdlmAuJnQGT4hizCYQnptgcdIAjM,information technology and services,linkedin.com/company/vaa-u-soft,hyderābād,vaa u soft,telangana,51-200,vaayusoft.com
india,2024,e6CBwPWeDoTNPyXTsvCSXwO2shDv,information technology and services,linkedin.com/company/kreavate-business-development-services,hyderābād,kreavate business development services,telangana,1-10,
india,2020,CUINc0mdaycnfokmGizY5AIZDSL5,information technology and services,linkedin.com/company/epets-co,moshi,epets,maharashtra,1-10,
india,2017,Jx6qBCJpXDPZM7ZbIkCaAwGbQ94m,information technology and services,linkedin.com/company/techie-dentist,hyderābād,techie dentist - dental marketing,telangana,1-10,techiedentist.com
india,2014,1S4eqP2v7fWBJ1TtcoKenQuhY2vb,information technology and services,linkedin.com/company/daphnis-technologies,noida,daphnis software services pvt ltd,uttar pradesh,11-50,daphnistech.com
india,2013,DCiOobY1inRYT3uBL3tbdwqzd4ts,information technology and services,linkedin.com/company/yourhost-web-services,bhopāl,yourhost private limited,madhya pradesh,1-10,yourhost.co.in
india,2020,mWrLMTyBtlSB6x4YlJgwOwcNsAfP,information technology and services,linkedin.com/company/dr-steve-technology,lucknow,dr. steve technology,uttar pradesh,11-50,drstevetechnology.com
india,2000,2DwUT3vHw5ETLHNJUP6f1gfMkbDB,information technology and services,linkedin.com/company/apt-infoway,coimbatore courts,apt infoway,tamil nadu,11-50,aptinfoway.com
india,2017,TiuTWUXGXL0eeUsKKv8MBgOwxmc0,information technology and services,linkedin.com/company/wecloudguru,ahmedabad,wecloudguru,gujarat,11-50,wecloudguru.com
india,2014,AU8t8Cau5u28akucyoVNLwW1Es27,information technology and services,linkedin.com/company/kycent-software-solutions-pvt--ltd-,hyderābād,kycent software solutions pvt. ltd.,telangana,1-10,kycent.com
india,,yxKdLEgOIvkjJ8wm8YjZ8QJpHUsq,information technology and services,linkedin.com/company/compaddicts-infotect-private-limited,lucknow,compaddicts infotect private limited,uttar pradesh,51-200,
india,2013,bC30Hm1hkvJTn3weJ6SnFw7QgV09,information technology and services,linkedin.com/company/tech-mandir,hisar,tech mandir,haryana,1-10,techmandir.co.in
india,2013,W9CUNKYBc7tr9OWk6fS8oAghgedk,information technology and services,linkedin.com/company/allwellsolutions,chennai,allwell solutions,tamil nadu,11-50,allwellsolutions.com
india,2007,FkGc5vVIC3fOLka0xsdjXwdw7jmL,information technology and services,linkedin.com/company/blockchain-development-web30india,ahmedabad,"web 3.0 india - blockchain, nft, metaverse, fintech, defi, dapps development",gujarat,51-200,web30india.com
india,2018,lxJZxqZ8wRgfplSS4y944wT0Qhnd,information technology and services,linkedin.com/company/reactlink,thāne,reactlink,maharashtra,11-50,reactlink.com
india,2017,p8BZ5lYTqDBZhtZ2QmD77QnFPVXB,information technology and services,linkedin.com/company/keralaph,thrissur h.o,keralaph,kerala,1-10,kph.club
india,2000,NZZSAnC030sUQZHjSXAmLAQWgxgB,information technology and services,linkedin.com/company/nidarsana-communication-solutions-p-ltd,kochi,nidarsana communication solutions p ltd,kerala,11-50,nidarsana.com
india,2006,PKSdaXHhrQOlPsBEriUQ9AY3LXG1,information technology and services,linkedin.com/company/nanosoft-innovative-technology-pvt-ltd-,pune,nanosoft innovative technology pvt ltd.,maharashtra,11-50,nanosoft.co
india,2014,BBwZInvRDSLZuio7UKjCMQ88MBDw,information technology and services,linkedin.com/company/nuovo-it-solutions,kochi,ceedq technologies,kerala,11-50,ceedq.com
india,,kzUI8LMAxB3qYmdMm1ZkMQLxYPx9,information technology and services,linkedin.com/company/gdscjgec,jalpāiguri,google developer student clubs - jgec,west bengal,201-500,gdsc.community.dev/jalpaiguri-government-engineering-college-jalpaiguri
india,,sIzCROqcqSKuzYpMF5CUNwWZir7R,information technology and services,linkedin.com/company/iembed8,lucknow,iembed8,uttar pradesh,1-10,iembed8.com
india,2018,oNWa1hoW2CrIrJfkXfdKoAIx6QdI,information technology and services,linkedin.com/company/botslike-technologies,k.k.nagar,botslike technologies,tamil nadu,1-10,botslike.com
india,2015,4A3ng6Wwo109B8cfDbYoXQpRki6d,information technology and services,linkedin.com/company/mirrage-infotech-pvt.-ltd.,navi mumbai,mirrage infotech pvt. ltd.,maharashtra,1-10,mirrageinfotech.com
india,2020,QsZoOXK8KhCKCuQnVaCZUgxoB0QU,information technology and services,linkedin.com/company/e-prastuti,zuarinagar,e-prastuti,goa,1-10,e-prastuti.com
india,2007,HOmWQJpy3zsIxUiolYBKeg8xUSVc,information technology and services,linkedin.com/company/tcube-solutions,bhubaneshwar,tcube solutions,odisha,201-500,tcubesolutions.com
india,,qMot0FfWGtZGZtfb35Ifpg6WvJM2,information technology and services,linkedin.com/company/nobel-software-systems-bangalore-usa,bangalore,"nobel software systems bangalore, usa",karnataka,51-200,
india,,TGcezB3ss6XKIxs16ZZntASdIrfp,information technology and services,linkedin.com/company/delnex-solutions,,delnex solutions,,11-50,
india,2012,YLEoe2hs5CCceT7yyByKDAKCMfGD,information technology and services,linkedin.com/company/i-zon,noida,i-zon,uttar pradesh,201-500,i-zon.in
india,2017,KID9VvcTEoZFQ4F7WWCz5Q5e3wpE,information technology and services,linkedin.com/company/identiq-infotech,sūrat,identiq infotech,gujarat,11-50,identiqinfotech.com
india,,IiP3MaKznHCDdpyxP4JCGQVUGMdB,information technology and services,linkedin.com/company/abm-tech-solutions,coimbatore,abm tech solutions,tamil nadu,51-200,abmtechsolutions.com
india,2021,4SQQTB0Wy7sbBB8LGCfhewmAvbEl,information technology and services,linkedin.com/company/dealeasy,pune,deal easy,maharashtra,1-10,dealeasy.in
india,,dLpwWsRGMK6L7oJQLtCghgfvYm9v,information technology and services,linkedin.com/company/kommineni-consultancy,vijayawada,kommineni consultancy,andhra pradesh,1-10,kommineniconsultancy.com
india,2005,OumCJkfBRM56fdJCLRJgKQuypYvQ,information technology and services,linkedin.com/company/joytree-software,pune,joytree software,maharashtra,1-10,joytree.in
india,,3uVK2ovnSuiZXR2fGXe4NwCKkBcP,information technology and services,linkedin.com/company/gixcs-it-consulting-services-private-limited,lāndrān,gixcs it consulting services private limited,punjab,1-10,gixcs.com
india,2017,nZKUQhC1la7zIzkCDEij2AW1RNfW,information technology and services,linkedin.com/company/heliconiaio,vadodara,heliconia solutions,gujarat,11-50,heliconia.io
india,,K5JcSJADnafnJibnpV8QVwi0lsJh,information technology and services,linkedin.com/company/the-virtual-cto,thāne,the virtual cto,maharashtra,11-50,thevirtualcto.co
india,2020,6zFB1s4jxWjADH2WCYK6CAqn1Tsd,information technology and services,linkedin.com/company/appexive,salem,appexive™,tamil nadu,1-10,appexive.com
india,,lEEAybEeCFkLTY6D5C5hRAMCHDDO,information technology and services,linkedin.com/company/exubero-sealing-technolog-private-limited,new delhi,exubero sealing technolog private limited,delhi,201-500,
india,,Wf5RrZITTbpG7xGEJyXbbQWaU4Bv,information technology and services,linkedin.com/company/delegate-infosystem,gurgaon,delegate infosystem,haryana,11-50,delegateinfosystem.com
india,,XG9bX4dKvqb5CBxXGpLsJwS8T2C0,information technology and services,linkedin.com/company/ko-soft-sales-services,pune,ko soft sales services,maharashtra,51-200,
india,2023,lVJ8TbC9XUs7yq9buSCiTQbelvMf,information technology and services,linkedin.com/company/tenjikutech,pune,tenjiku technologies pvt ltd,maharashtra,1-10,tenjikutech.com
india,,kX2xMas0w9UrcOzaAHG0FQsKa0nI,information technology and services,linkedin.com/company/dns-info-solutions,kanpur,dns info solutions,uttar pradesh,51-200,
india,2013,SYSbBbkJeBrjnrjPWWbkEQQVMnuO,information technology and services,linkedin.com/company/weddi-technologies,new delhi,weddi technologies,delhi,51-200,websitedesigninganddevelopmentindia.com
india,2011,oDuVPKVpYYVzntvOqLSMWg8Zdg9V,information technology and services,linkedin.com/company/outset-apps-technologies-pvt-ltd,lic building,outset apps technologies pvt ltd,andhra pradesh,11-50,outsetapps.net
india,,BcwBMyXTJnmj215zMuwBmgkf9YWa,information technology and services,linkedin.com/company/probosolve-technologies,hyderābād,probosolve technologies,telangana,51-200,probosolvetech.com
india,2017,yIFp0FDnLc1v8BUK0YQ2HQxDHIHe,information technology and services,linkedin.com/company/zenxlab,pune,zenxlab,maharashtra,11-50,zenxlab.com
india,2015,FI3I7KDvhU4qscnJp6rU1w1kfYZW,information technology and services,linkedin.com/company/st-360-it,ahmedabad,st360 it consultants llp,gujarat,1-10,st360it.com
india,2018,E1LLCwkxa3DvBgkUuUL24AGDFhmk,information technology and services,linkedin.com/company/leonardsoft-pvt-ltd,new delhi,leonardsoft pvt. ltd.,delhi,11-50,
india,2017,aymOGljCMaJAki1eRDGBhg22Xx79,information technology and services,linkedin.com/company/app7tech-it-solutions,srinagar colony,app7tech it solutions,telangana,1-10,app7tech.com
india,2015,9Mg1V0CKjCsMnTBRsh6EYwNkYhQX,information technology and services,linkedin.com/company/enablers-web-solutions,lucknow,enablers web solutions,uttar pradesh,11-50,enablerswebsolutions.com
india,2020,3wg7Px56BHrirHArNSsuawmQhH1r,information technology and services,linkedin.com/company/justoffers-india-mart-pvt-ltd,ganeshpur 4th gheri,just offer india,west bengal,1001-5000,justoffersindia.com
india,,Xv7DCZTJ8eJIv3sY4HO8UQumgZfk,information technology and services,linkedin.com/company/ratan-lal-lohia,kolkāta,ratan lal lohia,west bengal,11-50,
india,,FuTFvSEpseNvmhlpoVUvVA1oUAhe,information technology and services,linkedin.com/company/bitgenics-digital,kottayam,bitgenics digital ventures llp,kerala,1-10,bitgenics.in
india,2014,hEoWa5AYCrluZfVtVgV8VQJ9ljOt,information technology and services,linkedin.com/company/techhubentrepreneurs,hyderābād,tech hub entrepreneurs,telangana,51-200,techhubentrepreneurs.com
india,,bgTY3wx1E8NTlEeGiRxoewns3IQB,information technology and services,linkedin.com/company/devinfotechs,noida,devinfotechs,uttar pradesh,201-500,tusharenterprise.info
india,,n0BELz2xTwHjhrZCVi3nmwhAgFKP,information technology and services,linkedin.com/company/signatures-digitals-academy,delhi,signature digital academy,delhi,11-50,
india,,Eh0hbLDllt1WwRPQE7zxvgtkLEgU,information technology and services,linkedin.com/company/computer-institute-training,nashik,computer institute,maharashtra,1-10,
india,,LB217CDKBNZ9M1r9UDJJDA5Soufl,information technology and services,linkedin.com/company/crownsofts-solutions,bangalore,crownsofts solutions,karnataka,201-500,crownsofts.com
india,,cYpO8zLe5cRUwhF7BCbgXQqI5UiV,information technology and services,linkedin.com/company/spread-geospatial,chennai,geospatial,tamil nadu,1-10,sites.google.com/view/geofreelancers/home
india,2017,GUhp9Rw78E1iJmbz92EpUg0a2faK,information technology and services,linkedin.com/company/adhikaryenterprise,barddhamān,adhikary enterprise,west bengal,1-10,adhikaryenterprise.com
india,2017,K3awI3CxNAcPpQArXCfmAgqNxmbu,information technology and services,linkedin.com/company/rambhiya-infotech,ahmedabad,rambhiya infotech,gujarat,1-10,rambhiyainfotech.com
india,2019,BJgowEQFzSOujPSfvvzjHQgPwz56,information technology and services,linkedin.com/company/wpify,ahmedabad,wpify,gujarat,1-10,wpify.tech
india,2016,qVVJtm4Nj8Tl3NMCGaw5PgeQae38,information technology and services,linkedin.com/company/techpanion,goregaon east,nimbles2p by techpanion,maharashtra,11-50,techpanion.com
india,2015,pc3EyhsrAXd0ruwOq0UyVwZN6Wit,information technology and services,linkedin.com/company/techcthree,thrikkakara,techcthree,kerala,11-50,techcthree.com
india,,Wj3K2Ir9Wd5IiB8WOj8wQwZJKZiW,information technology and services,linkedin.com/company/triveni-infotech---india,,triveni infotech - india,,1-10,triveniinfotech.com
india,2013,YMQjTvjPuCMYILNriGC8JgBjjs80,information technology and services,linkedin.com/company/humanit-solutions-pvt-ltd,dharwad kalyan nagar,humanit solutions pvt.ltd,karnataka,51-200,humanit.in
india,2022,KcFTsjz2T0pUK621rIyH0wqIHh0Y,information technology and services,linkedin.com/company/vraj-protech-pvt-ltd,navi mumbai,vraj protech pvt. ltd.,maharashtra,1-10,
india,2018,WTwhBDVrQ3RZY7z2emPwXwlOKWV9,information technology and services,linkedin.com/company/tracerymedialab,pune,tracery media lab,maharashtra,1-10,tracerymedialab.com
india,2008,LYppPR1U947qMSAvCF8Zrw3PTAeB,information technology and services,linkedin.com/company/webnxindia,ahmedabad,webnx,gujarat,11-50,webnx.in
india,2023,xveBeRpC8ryakV8K4q0EIAbs3mRP,information technology and services,linkedin.com/company/metheosys,mahalakshmipuram layout,metheosys solutions,karnataka,1-10,metheosys.com
india,,z5PhU3kulOjGaCMV6e78fgCPIB3s,information technology and services,linkedin.com/company/jaisys,coimbatore,jaisys,tamil nadu,1-10,jaisys.in
india,,H4SmC0fvm6cxBde9RxMp4QudXtjq,information technology and services,linkedin.com/company/gs-tele-tech,kochi m.g.road,gs tele tech,kerala,51-200,
india,2013,SgCBhVQTgE4Cam2sj4V6WAltKHAT,information technology and services,linkedin.com/company/ap-web-world,noida sector 16,ap web world,uttar pradesh,11-50,apwebworld.com
india,2010,2Bbb9ooaEMmliE2k4pWu5wlwdzvY,information technology and services,linkedin.com/company/ubeninc-technologies,noida,ubeninc technologies,uttar pradesh,51-200,ubeninc.com
india,,iWsfywBmHKw8wyE2NTDZPgBCy9E6,information technology and services,linkedin.com/company/mahindia,gurgaon,mahindia,haryana,11-50,
india,2016,wr72whxzzKNAIyLAALFycgA11tn6,information technology and services,linkedin.com/company/sweetcornsoftwares,nāgpur,sweetcorn softwares,maharashtra,1-10,sweetcornsoftwares.com
india,2011,nnPglGPIjUkLr4aBiHZq1QQaawKZ,information technology and services,linkedin.com/company/web-mp-soft-pvt-ltd,medinīpur,web mp soft pvt ltd,west bengal,11-50,wmps.in
india,,kYbZA2VogqHNF7aowqObVwX5szBn,information technology and services,linkedin.com/company/pristine-info-wings,,pristine info wings,,1-10,pristineinfowings.com
india,,3CbcOWCjbBgnIjgnojw89AG0LfAf,information technology and services,linkedin.com/company/tajsoft,,tajsoft,,11-50,tajsoft.com
india,2018,R3JiQqzcpJTTw1AP1CW4Ww1Nlbpa,information technology and services,linkedin.com/company/stack-backlinks,morbi,stack backlinks- link building agency in india,gujarat,11-50,
india,,UtJMMrBw9qtzEvfZq0YI5AeALwMF,information technology and services,linkedin.com/company/sgcsoftech,sūrat,sgc softech,gujarat,11-50,sgcsoftech.com
india,2022,sma8jKJQkf6513XU21RN6gARfPID,information technology and services,linkedin.com/company/emcloudtech,indira nagar,emcloud technologies,uttar pradesh,1-10,emcloudtech.com
india,2016,kDTzxcfE6jfxOnkUGrNkMQszs8iC,information technology and services,linkedin.com/company/clickonce,bangalore,clickonce,karnataka,11-50,one-click.in
india,,gYUWpqGMbCdMBhAyLDwL7gHeMxi1,information technology and services,linkedin.com/company/adarsh-hitech-info-consulting-private-limited,thāne,adarsh hitech info consulting private limited,maharashtra,51-200,angelshr.com
india,2023,Nx0De5mE19BoTJcYlYPUDwkCHdzj,information technology and services,linkedin.com/company/digitechser,bangalore,digitechser,karnataka,1-10,digitechser.com
india,2010,GedB5KIQBFEJRkQVKc9NswnKY2L7,information technology and services,linkedin.com/company/cloudripples,guindy industrial estate,cloud ripples private limited,tamil nadu,51-200,cloudripples.io
india,,h1U6nfflCl6yTqzlDqSmlQo9ixHR,information technology and services,linkedin.com/company/psi-data-systems-limited-mumbai,mumbai,"psi data systems limited, mumbai",maharashtra,51-200,
india,2012,bg1uu8lLKmB11SD4cqIVoAJ1wSMx,information technology and services,linkedin.com/company/expedora,,expedora techsolutions,chandigarh,1-10,expedora.com
india,2012,zUg25qnoraB4AXNVgIXRrgNh8QhM,information technology and services,linkedin.com/company/digitaltaskforce,pune,digital task force,maharashtra,11-50,dtfservice.com
india,2011,JixaZL2VJRA9ZMbRcwhmAg3cMoHR,information technology and services,linkedin.com/company/gayatrisoft.co,jaipur,gayatri software services private limited,rajasthan,11-50,gayatrisoft.co
india,,BqpqvBHHekoG0Nv0cwzWaQZVsr8i,information technology and services,linkedin.com/company/visionplus-infotech,sūrat,visionplus infotech,gujarat,1-10,
india,,NU9g7Szw4tUEVyn2BzXWOwLzVslY,information technology and services,linkedin.com/company/dbev-in,chennai,dream big networks,tamil nadu,1-10,dbev.in
india,2009,OtdNAaPPapKjkKRe6H0vTwF9Kwt3,information technology and services,linkedin.com/company/cutch-soft-private-limited,egmore,cutch soft private limited,tamil nadu,51-200,cutchsoft.com
india,2021,klIcElSgZwaphczmF0d9Kgfilczz,information technology and services,linkedin.com/company/searchingyard-marketplace,bhubaneshwar,searchingyard marketplace,odisha,201-500,
india,2023,wBkdHKCXCcBxBzSF2UY9NAkgszlv,information technology and services,linkedin.com/company/alphagnito-technologies,madurai courts,alphagnito technologies,tamil nadu,11-50,alphagnito.com
india,2006,YSpHBM8XB0VgHMiBqO2q8g08lIq1,information technology and services,linkedin.com/company/richtec-solution-india-private-limited,coimbatore,richtec solution india private limited,tamil nadu,51-200,richtecindia.com
india,,lhlgKFMFVGqn5mYxfviQuwuusO8G,information technology and services,linkedin.com/company/navgurukul-lite,dharmsāla,navgurukul lite,himachal pradesh,11-50,navgurukul-lite.web.app
india,2012,5BmU9u7AJWqnGQiYvi8pTA5OBqWX,information technology and services,linkedin.com/company/azylapps-technologies-private-limited,ghāziābād,azylapps technologies private limited,uttar pradesh,11-50,azylapps.in
india,2018,VfaFr7BWVDPPhMJfMwouOwo8Q9ah,information technology and services,linkedin.com/company/clausion-india,manimajra,clausion india - insightsoftware,chandigarh,11-50,clausion.com
india,,uCcOzLMkxJBH0lrsqtDi0grw06Js,information technology and services,linkedin.com/company/quobotic-consulting,kolkāta,quobotic consulting,west bengal,11-50,quobotic.com
india,,Gvek3lwjoBCc2jSvAiLRPwJFrn5N,information technology and services,linkedin.com/company/mol-global-software-allinaces-privatelimited.-mum,pune,mol global software allinaces privatelimited. mum,maharashtra,51-200,
india,2015,geq7bqreZIYPCnCFVjrZXgW9CO1C,information technology and services,linkedin.com/company/inbond-solutions,kochi,inbond solutions,kerala,11-50,inbondsolutions.com
india,,cmpBn5sEgtYShSWe3jUhEwEmwhNM,information technology and services,linkedin.com/company/capri-coast-home-solutions,bangalore,capri coast home solutions,karnataka,201-500,
india,2015,4CR0i5Gax9sM0h2MtsHTHgNzY8Ih,information technology and services,linkedin.com/company/digitalwebdeveloper,new delhi,digital web developer,delhi,11-50,digitalwebdevelopers.net
india,2018,AL69cPKayzjxBautLzufBA2wmHUe,information technology and services,linkedin.com/company/techtwinstechnologies,malviya nagar,techtwins technologies,rajasthan,11-50,techtwins.co.in
india,2017,OTUAxvJnkC3Bu763dTZ4PglqUx9i,information technology and services,linkedin.com/company/octagon-technologies,new delhi,octagon technologies llp,delhi,11-50,octagontechs.com
india,2012,z5atMSug7YydIrCatjHgCQ3Trf3g,information technology and services,linkedin.com/company/wrexim-technologies,hyderābād,wrexim technologies pvt ltd,telangana,51-200,wreximtech.com
india,2009,pNHgOjKxOe0nCWaMgiulHQl2Fk8u,information technology and services,linkedin.com/company/nextgen-infoworld,new delhi,nextgen infoworld inc,delhi,51-200,nextgeninfoinc.com
india,,yib9lHZO1pljbAgJYRtI2wl4ysBa,information technology and services,linkedin.com/company/webgraphixindia,thāne,webgraphix,maharashtra,1-10,webgraphix.in
india,,cFSl3Io50MCNDpuhn4BaSw9dvmBd,information technology and services,linkedin.com/company/alpha-geo-india,noida sector 12,alpha geo india,uttar pradesh,11-50,alphageoindia.in
india,1966,gTOgiTOG35LTDrN8p4ZuvAraGRCT,information technology and services,linkedin.com/company/shah-audio-infotech-pvt-ltd-,ahmedabad,shah audio infotech pvt. ltd.,gujarat,11-50,shahaudio.in
india,,JPlSQFwzpUuZ6iJFNNEfdwI5tpEz,information technology and services,linkedin.com/company/quantum-value-it-services-private-limited,hyderābād,quantum value it services private limited,telangana,1-10,quantumvalue.net
india,2020,HqgyUM3S9XrxbrlCYQ85SwQsowAD,information technology and services,linkedin.com/company/knsconsultancy,bangalore,kns consultancy,karnataka,11-50,knsconsultancy.com
india,2015,U7abfcLfDGPBdAr5LvUBLgzCrUdP,information technology and services,linkedin.com/company/codexq,kolkāta,codexq,west bengal,1-10,codexq.com
india,,GAGaJblhVWwcxIxS4WcUrQ7ltJVx,information technology and services,linkedin.com/company/trio-computers-private-limited,vadodara,trio computers private limited,gujarat,11-50,
india,2010,4UBQBxy5upXhH2HGykafQgfv5OZV,information technology and services,linkedin.com/company/eapl-technologies,hastal village,eapl technologies,delhi,51-200,eapltechnologies.com
india,2022,KCtJ0UycAC3khBJbhVePxggX6k6A,information technology and services,linkedin.com/company/nextgits,jaipur,nextgits,rajasthan,11-50,nextgits.com
india,,KXDBjBJhE09CJ8BKlj1q9wTyyfGJ,information technology and services,linkedin.com/company/mindwaive,nāgpur,mindwaive,maharashtra,1-10,mindwaive.biz
india,2017,QJvGWT34vqXBNbIedmL35AKX7eJZ,information technology and services,linkedin.com/company/balaradjou-tech,,balaradjou tech llp,puducherry,1-10,balaradjou.tech
india,2005,pXiyDoGMExhgvp2QIAFR7gb292uV,information technology and services,linkedin.com/company/siminfosystems-pvt-ltd,chennai,siminfosystems pvt ltd,tamil nadu,11-50,
india,2019,lHJN0prUNEBVz1iNJ4WBFwwD42tv,information technology and services,linkedin.com/company/netgleam-consulting-pvt-ltd,vaishali nagar,netgleam consulting pvt ltd,rajasthan,11-50,netgleam.com
india,2021,i4SazjCYlixHQtZ6RipYSALMyuMh,information technology and services,linkedin.com/company/oncloud18-tech-consultants-and-service-llp,mumbai,oncloud18 tech consultants and service llp,maharashtra,1-10,oncloud18.com
india,,tkfCBBm6bcBK8zcbgwP3IAgj1GcS,information technology and services,linkedin.com/company/yes-my-page,gurgaon,yes my page,haryana,1-10,yesmypage.com
india,2017,Zd51AgnP3aLukNL52yJXXg3wtupv,information technology and services,linkedin.com/company/innovatiqit-solutions-pvt-ltd,new delhi,innovatiqit solutions pvt. ltd.,delhi,1-10,innovatiqit.com
india,1998,TsnPURg95qXd6TT1zT7wFAFIUOfZ,information technology and services,linkedin.com/company/infomediawebsolutions,new delhi,infomedia web solutions,delhi,11-50,iws.in
india,2022,VFNlDbWWgxxgcS1RrEXFywTl2xuZ,information technology and services,linkedin.com/company/digital-techy,kochi,digital-techy,kerala,1-10,digital-techy.com
india,2019,PUiCACrWB2B9yHuEVkiuNgJBHCW3,information technology and services,linkedin.com/company/beselective,bhopāl,beselective,madhya pradesh,1-10,beselective.in
india,2013,dQWoAzMhCOl7X6IBzBlDtQPXUwb2,information technology and services,linkedin.com/company/live-apps-business-solutions,hyderābād,live apps business solutions,telangana,1-10,liveappsbusiness.in
india,2009,uzbFIqK9WldWX4eBw4iY4AC7cZzB,information technology and services,linkedin.com/company/gentle-infotech,chennai,gentle infotech,tamil nadu,11-50,gentleinfotech.com
india,,sC3r2PvLR3RtJKrhTFtL5QYAJjcQ,information technology and services,linkedin.com/company/adox-technologies,lucknow,adox technologies,uttar pradesh,51-200,madhurvivah.com
india,,kcisC88Cnx6zaQNkzs3X6wdSyMbO,information technology and services,linkedin.com/company/nadi-astroved,mayiladuthurai,nadi astroved,tamil nadu,11-50,nadiastroved.com
india,2015,TgQ7UILFuvrSmfAJxcCnjgw7aYGM,information technology and services,linkedin.com/company/swadhin-it-solutions,bhubaneshwar,swadhin it solutions,odisha,11-50,
india,,iQRJoEdgxIcGB1ckZ7OxQAU1IEZQ,information technology and services,linkedin.com/company/aws-training-online,thāne,aws training online,maharashtra,1-10,
india,,TM9R7VR0ZEncTgJNcddHcgA5RKeL,information technology and services,linkedin.com/company/div-a-web-software,mumbai,div a web software,maharashtra,201-500,diyawebsoft.com
india,,tCa6zCMcCWpqihfATZ0RRAKQveHs,information technology and services,linkedin.com/company/a2svisualreality,ahmedabad,a2s visual reality llp,gujarat,1-10,a2svr.com
india,2010,wIfIUSLLphEn3xllP6zVLgo069OB,information technology and services,linkedin.com/company/m-s-holy-engineering,barnan,m/s holy engineering,west bengal,11-50,holyengineering.com
india,,noZqDwRmBXPhCDs8XR05YAL8zViL,information technology and services,linkedin.com/company/statclean-technolog-india-private-limited,sri rampura 2nd stage,statclean technolog india private limited,karnataka,201-500,statclean.com
india,2017,o8enuJIoLblKeoCvRJhTUQgwKpUm,information technology and services,linkedin.com/company/actolaze-technologies,meerut,actolaze technologies,uttar pradesh,1-10,actolaze.in
india,,LJgsC56r6Dm6JCTgiPQqgAyCamoj,information technology and services,linkedin.com/company/shreeji-power-systems,ahmedabad,shreeji  power systems,gujarat,51-200,indiamart.com/3g-power-system
india,,r8ySIbcYpACTrZIgzYBA8wH8hj4r,information technology and services,linkedin.com/company/orbits-software-solutions---india,,orbits software solutions - india,,1-10,orbitssoftwares.com
india,,ibkIu5UVHG9ToKIVkFDuQw1x6tfg,information technology and services,linkedin.com/company/ssr-it-solutions,hyderābād,ssr it solutions,telangana,51-200,ssritsol.com
india,,2ClxKDO0R4mG0W0bqA9A4gQjGugo,information technology and services,linkedin.com/company/hkce,gurgaon,हरि के चरण एनटर्प्राइज़,haryana,1-10,hariprem.us
india,,snHRw6wCVCImAt4Ujt4cTw7y0nwy,information technology and services,linkedin.com/company/gn-al-tech,rājkot,gn al tech,gujarat,51-200,
india,,W6QvZVhLTSdaEvHYkslLeQIOJJKI,information technology and services,linkedin.com/company/itechputer-it-solution,ahmedabad,itechputer it solution,gujarat,1-10,itechputer.com
india,2018,T5XYH7mK1B97uIW7ZEigewJOFHRu,information technology and services,linkedin.com/company/espresso-labs,new delhi,espresso labs,delhi,1-10,espressolabs.in
india,2016,jJZgJod75DzXAPzmEOyBkQFiLJ5P,information technology and services,linkedin.com/company/sptechnologies,nc lines bareilly,sp technologies,uttar pradesh,1-10,sptechnologies.org
india,2017,kDSRJiAovhRItjAFH3y59g0JqLyQ,information technology and services,linkedin.com/company/vulcanmakes,kolkāta,seo smart traffic,west bengal,501-1000,seosmarttraffic.com
india,2019,W3UoDoIurTXg9nqLZxGOZgmXeIid,information technology and services,linkedin.com/company/dasro-systems,bangalore,dascro systems,karnataka,10001+,dascro.com
india,,lbs830CGzRkBqJmG5UmU4A4s8TGW,information technology and services,linkedin.com/company/synergic-technical-solutions,kolhāpur,synergic technical solutions,maharashtra,51-200,
india,2015,G6k35M1tofT6r0Th1qhAPwxVAcYv,information technology and services,linkedin.com/company/wow-services-&-support,noida sector 45,wow services & support,uttar pradesh,11-50,wowsupport.in
india,2010,B6DXggsqxMvG0DEngjT89QWyPlGC,information technology and services,linkedin.com/company/ittechies,mumbai,it techies services pvt. ltd.,maharashtra,201-500,ittechies.in
india,2008,wYhQ0W2Bkqr00jtSjjbCgwvAcO48,information technology and services,linkedin.com/company/enspirit,hyderābād,enspirit,telangana,51-200,enspirit.co
india,2019,V8Codg4kMwzeeZC13ViPkQpXGVbn,information technology and services,linkedin.com/company/maveristic1,mumbai,maveristic,maharashtra,1-10,maveristic.com
india,2012,v50ZzQAlz7XeqFfjc40beAFv7nt8,information technology and services,linkedin.com/company/cosysta,malappuram,xian infotech,kerala,11-50,xianinfotech.com
india,,tF90GdxtUsxpecwdteG3BgTLMkww,information technology and services,linkedin.com/company/ps-computer,farīdābād,ps computer,haryana,1-10,pscomputerservices.in
india,2018,TLOJbGpMNRaBegsxFoM5rAgcBoAd,information technology and services,linkedin.com/company/amici-infotech,dahod h.o,amici infotech,gujarat,1-10,amiciinfotech.com
india,2018,Q77hrNPKN6X9fqaQlr5fCQskAm5Y,information technology and services,linkedin.com/company/arcpine-services,ahmedabad,arcpine services,gujarat,1-10,arcpine.com
india,2015,CFp3l2IbBIRjYVEd4tGc2g93qzvN,information technology and services,linkedin.com/company/top-in-talk,bangalore,top in talk,karnataka,11-50,topintalk.com
india,2013,3jYy9nDEeAfChePXwy0ncgtKbsYe,information technology and services,linkedin.com/company/webmasters-technologies,sūrat,webmasters technologies,gujarat,11-50,webmasterssurat.com
india,2003,0AtQM31ptH6tWvNhqvIHDA5wFA8l,information technology and services,linkedin.com/company/truesol,jalandhar,true solutions,punjab,1-10,truesol.net
india,2002,JrOJcq3CkjZ0COyf0QCfNAunsMmT,information technology and services,linkedin.com/company/sevendegrees-advertising-solutions,new delhi,sevendegrees advertising solutions,delhi,1-10,sevendegrees.in
india,2019,e7HJbP4JQglZN1wxcuTQpwkxvLLJ,information technology and services,linkedin.com/company/coppermax-technologies,mumbai,coppermax technologies llp,maharashtra,11-50,coppermaxtechnologies.com
india,2021,dES0N00yrkfzd9K3fKn7JA62sGgG,information technology and services,linkedin.com/company/sigmatronics-innovation,nāgpur,sigmatronics innovation,maharashtra,1-10,sigmatronics.co.in
india,2021,zAB8ynjv6kjBuoUL6LNI7QyZnxib,information technology and services,linkedin.com/company/shivoham-infosolutions-llp,pune,shivoham infosolutions llp,maharashtra,11-50,shivohaminfosolutions.com
india,,aRD7cm8YwQTVdcIyJSCTHAAzOR6T,information technology and services,linkedin.com/company/meramlmsoftware,rourkela h.o,meramlmsoftware,odisha,1-10,meramlmsoftware.com
india,2018,Qw06ElazwzqtG15Q0iDGEgIxsEYV,information technology and services,linkedin.com/company/engin-india,mysore,engin,karnataka,1-10,engin.cf
india,2021,gwk5ZAC5RpMI5gByeCEnYwxVlCgq,information technology and services,linkedin.com/company/yashvi-info-solutions-pvt-ltd,borsad,yashvi info solutions pvt. ltd.,gujarat,1-10,yashviinfosolutions.com
india,2019,QPaWMy6RCKaAP8CPBH0tUgmffvzp,information technology and services,linkedin.com/company/nasca-technology-pvt-limited,delhi,nasca technology pvt limited,delhi,11-50,nascatechnology.com
india,2006,3HOZmnYJxy2CTeCq4LsmPg3IWhJp,information technology and services,linkedin.com/company/xtech-pro-technologies-pvt-ltd-,patna,xtech pro technologies pvt. ltd.,bihar,11-50,xtechpro.in
india,,HOO7UxNh7zCJGrUgHNuh6gdW4QuM,information technology and services,linkedin.com/company/uptec-computer-consultanc-limited,lucknow,uptec computer consultanc limited,uttar pradesh,51-200,
india,2021,pywcn2I0MhqoLCV7uECUCgFqVQFa,information technology and services,linkedin.com/company/covinsys-technologies-private-limited,kumaraswamy layout,covinsys technologies private limited,karnataka,1-10,covinsys.com
india,2010,tZQ8svOPNsvOTmTxHTHNiA1X4cl4,information technology and services,linkedin.com/company/inovate,kharadi,inovate,maharashtra,11-50,
india,,i7bPvecYjCV4TsAiCCgrhw3qTW2o,information technology and services,linkedin.com/company/iotmall,imt manesar,iot mall,haryana,1-10,iotmall.in
india,,Au3ncCVJmLX5NaCtKwMlhA9ngEcY,information technology and services,linkedin.com/company/ols-technosoft-pvt-ltd,bangalore,ols technosoft pvt ltd,karnataka,11-50,
india,2012,wSfHKokx0YZOA4H8z4HTRQe4W2uq,information technology and services,linkedin.com/company/snipe-engineers-private-limited,chennai,snipe engineers private limited-chennai,tamil nadu,51-200,snipeengineers.com
india,2022,xjDHW5g3nuLu4H3p5TavXQ7H7CyI,information technology and services,linkedin.com/company/adaid-it-solutions-pvt-ltd,hyderābād,adaid,telangana,11-50,adaid.ai
india,2020,9CZgEwe6kuuhCerqlhpBEAPVjNoF,information technology and services,linkedin.com/company/lead-integrated-business-services-pvt-ltd,valasaravakkam,lead integrated business services pvt ltd,tamil nadu,11-50,
india,2015,EldYwebwNjhJcnA958uuzAoFaJIQ,information technology and services,linkedin.com/company/keryar,ānand,keryar,gujarat,51-200,keryar.com
india,2010,cbMwOxanQN9QAqdj1rCICQYdotWQ,information technology and services,linkedin.com/company/aarav-media,rājkot,aarav media ltd,gujarat,11-50,aaravmedia.com
india,2018,EhBYqdtd1jYMnnUdb3gCXAuX9sf1,information technology and services,linkedin.com/company/ptd-cleantech-soltuions-pvt-ltd-pune,pune,ptd cleantech soltuions pvt. ltd. pune,maharashtra,11-50,
india,2016,o1bNSPN9aV5D0OEA8f7J6AQ0II6B,information technology and services,linkedin.com/company/zeefalls-tech-solutions,ahmedabad,zeefalls tech solutions,gujarat,11-50,zeefalls.com
india,2017,xH5ILayl2RHqDEEBuCfjIAWFTKGq,information technology and services,linkedin.com/company/atozee-solutions,gudlanarva colony,atozeesolutions,telangana,11-50,atozeesolutions.com
india,,HBypltEjOngwWK3STie5uAvpes8x,information technology and services,linkedin.com/company/quintillion-media-pvt-ltd.,noida sector 16,quintillion media pvt ltd.,uttar pradesh,1-10,
india,2012,9cFZW3GDDbDbfMhqGOLPWQNmUfJh,information technology and services,linkedin.com/company/corusview-it-services-private-limited,indore,corusview,madhya pradesh,11-50,corusview.com
india,2020,sXcyEHFRELbT70TbxJ6ywQmmuNIf,information technology and services,linkedin.com/company/codian-biztech,noida,codiant biztech,uttar pradesh,11-50,codiantbiztech.com
india,2005,COFKHhhKxSNkUZiudGt2AgK1xYL4,information technology and services,linkedin.com/company/i-soft-services-and-consulting,delhi,i soft services and consulting,delhi,11-50,
india,,fSmQbSdrQT2c4SxbLNZ9Sg2u6wvC,information technology and services,linkedin.com/company/rx-information-systems,,rx information systems,,11-50,rxis.in
india,,x8e58n0M1B3EKm0VwUlzJQKm7eCX,information technology and services,linkedin.com/company/satyatech-marketing-corporation---india,noida,satyatech marketing corporation - india,uttar pradesh,1-10,satyatech.co.in
india,2020,W6BF0X2eW3FOxn4GWTVTeQaxrSsQ,information technology and services,linkedin.com/company/designomad-agency,,designomad,gujarat,1-10,designomad.in
india,2019,3RYLkrB0WRBlp5JNWEe61QbGUQZu,information technology and services,linkedin.com/company/raconsultant,dimāpur,ra consultant,nagaland,1-10,raconsultant.xyz
india,2022,MVGlRA5iNhfwhHK6oHkG2wdxiMlV,information technology and services,linkedin.com/company/onestepiot,ahmedabad,onestepiot technologies llp,gujarat,1-10,onestepiot.com
india,,A9bKC1NzBj00PLCpusFEywg30h8h,information technology and services,linkedin.com/company/falcon-vaccum-pumps-&-system,farīdābād,falcon vaccum pumps & system,haryana,11-50,
india,2021,sn4uPjsdvrFkfCY07oCD7gxwhCFh,information technology and services,linkedin.com/company/shyamotech-solutions-pvt-ltd,kolkāta,shyamotech solutions pvt ltd,west bengal,1-10,
india,2021,Pfs1pLpzahBIWPBxmVwxhg39rGqO,information technology and services,linkedin.com/company/kiotac,pudukkottai,kiotac technologies,tamil nadu,1-10,kiotac.com
india,,GK0cuqDQV8Mpit2ZT0B5AA3O69Df,information technology and services,linkedin.com/company/aequor-information-technology-p-limited.,delhi,aequor information technology p limited.,delhi,51-200,
india,,YE9kuROTbEeqgkOEszMLSgmorqO7,information technology and services,linkedin.com/company/grs-infotech,ahmedabad,grs infotech,gujarat,51-200,grsinfotech.com
india,,5HA1QeiC7Q3YXcdDe8CFBgSh8s1p,information technology and services,linkedin.com/company/harita-t-v-s-technologies-limited,bangalore,harita t v s technologies limited,karnataka,201-500,haritatechserv.com
india,2017,UIRAJornbBiMiFYiWt5NegH16tmt,information technology and services,linkedin.com/company/tivona-global,chennai,tivonaglobal technologies,tamil nadu,51-200,tivonaglobal.com
india,,WeubPcbDJB8gpKgiFTOJwwLxgqln,information technology and services,linkedin.com/company/narsingh-computers,noida,narsingh computers,uttar pradesh,201-500,ncsnoida.com
india,,DNO0loJlraF6w7vccoTvgwmGzUON,information technology and services,linkedin.com/company/infiniteqx-solutions,kolkāta,infiniteqx solutions,west bengal,1-10,infiniteqxsolutions.com
india,2016,q67yiQcl7FBsBjNqFmCAzgeysEzx,information technology and services,linkedin.com/company/jen-info-solutions-private-limited,rājahmundry,jen info solutions private limited,andhra pradesh,11-50,jeninfo.com
india,,WBtD88Bg67JCwv95iG35UwOCYGDq,information technology and services,linkedin.com/company/svgtechlabs,new delhi,svg technologies,delhi,1-10,
india,2016,HornyqiQHB9zlHLeyL82lQdgy5YD,information technology and services,linkedin.com/company/spangleswebx,nāgercoil,spangles infotech,tamil nadu,11-50,spanglesinfotech.com
india,2019,JcYfBmpu6Oc0QzxWEc5lwg8C6qmK,information technology and services,linkedin.com/company/perceptalytics,gurgaon,perceptalytics technologies private limited,haryana,1-10,theaienterprise.com
india,2021,qFGAHIoohx8cZSC9D3M2AAm9liiR,information technology and services,linkedin.com/company/office-chalao,trimurti nagar,office chalao,maharashtra,1-10,officechalao.com
india,2018,OCsnCS3PhhiMZ1IyVAS8pAIlfgcY,information technology and services,linkedin.com/company/softobotics,bangalore,softobotics,karnataka,51-200,softobotics.com
india,2012,X9BWsvniDf2dOLjnrVQ0IANH1e7r,information technology and services,linkedin.com/company/meharia,kolkāta,meharia & associates,west bengal,11-50,
india,2022,mlbnU2GfhffYKNsKB16YXAzx7gSp,information technology and services,linkedin.com/company/sangshine-infocomms-pvt-ltd,narendra nagar,sangshine infocomms pvt. ltd.,maharashtra,11-50,
india,,HGS9sjhY7WXmsxO59InztAMWPmpt,information technology and services,linkedin.com/company/diadeis-alia,,diadeis alia,,1-10,diadeis.in
india,2016,6XvzxJ5XxPoU9bcnD5abiQ4RCAu1,information technology and services,linkedin.com/company/webcycle.in,lal chowk,web cycle,jammu and kashmir,1-10,webcycle.in
india,2008,mVGee4VcpIV9Sh4bkPjNCAT903sj,information technology and services,linkedin.com/company/chopra-s-tech-solutions,bangalore,chopra's tech solutions,karnataka,11-50,inbangalore.info
india,,HODM9IZZn05vYmGQCO2Kxw6NBpnj,information technology and services,linkedin.com/company/florix-software-solutions,mumbai,florix software solutions,maharashtra,201-500,expressrates.in
india,2023,gctNbJS4voOQudJey52cfwuDJCMD,information technology and services,linkedin.com/company/grow-with-abhi,rewāri,grow with abhi,haryana,1-10,wa.me/919275542892
india,1998,yUgpf52C8voCsneASTuOjAKDbm8z,information technology and services,linkedin.com/company/exegesisinfotech,navi mumbai,exegesis infotech (i) private limited,maharashtra,51-200,exegesisinfotech.com
india,2023,2CDvHaIP28qX6XpfjS5CxQZqJXY8,information technology and services,linkedin.com/company/redhacks1,ahmedabad,redhacks1 it security private limited,gujarat,11-50,
india,1990,k6PAVu53BOtDphnCDtFCWQEv3uJg,information technology and services,linkedin.com/company/mpower-information-systems-p-ltd-,mumbai,mpower information systems (p). ltd.,maharashtra,51-200,mpowerasia.com
india,2013,rxEmOGZHHLhgpEEEkx2HvAlIztfx,information technology and services,linkedin.com/company/vectrae-infotech,new delhi,vectrae infotech,delhi,51-200,
india,2011,2bJardkJ9iVMPVXlIbJlDgV63bGp,information technology and services,linkedin.com/company/advance-techno-digital-marketing-agency,lucknow,advance techno-digital marketing agency,uttar pradesh,11-50,advacnetechno.org
india,2009,bBrCyPUPi8AGMJfjCDfojQORRvEk,information technology and services,linkedin.com/company/attune-world-wide,ahmedabad,attune world wide,gujarat,51-200,
india,2010,JZugCiUaUcRcosv6FOG52QEzX61t,information technology and services,linkedin.com/company/honey-soft-solutions,hyderābād,honey soft solutions,telangana,11-50,honeysoftsolutions.com
india,1999,kpl3D2j3afH0GNfVxbegSwSDs7Ro,information technology and services,linkedin.com/company/j-b-computers,new delhi,j.b.computers,delhi,51-200,jbcomputers.net
india,,6YIvsHnFrrbYqvKa384StwEzVFhU,information technology and services,linkedin.com/company/sri-laxmi-traders,hyderābād,sri laxmi traders,telangana,51-200,indiamart.com/sri-laxmi-traders-hyderabad
india,,xZB5CbKfKHBkY4iYuBGDvAD4WvTM,information technology and services,linkedin.com/company/ajobman,ahmedabad,ajobman,gujarat,11-50,ajobman.com
india,,pqp45iqYxxdxhHJ7PWY6rgjtwgXK,information technology and services,linkedin.com/company/segnotech,jaipur,segnotech,rajasthan,201-500,segnotech.com
india,2015,rB7dnQ2s7fxUOFAPIzCcHgW5G1en,information technology and services,linkedin.com/company/pingtec,udaipur,pingaksh technologies,rajasthan,51-200,mypingaksh.com
india,2020,1WjxyLiNqgwZ0msPK3jhlwx6Qmg0,information technology and services,linkedin.com/company/clue-info,gurgaon,clue info,haryana,11-50,clueinfo.com
india,2014,CgqsEJPiOJImmTSRWumpFwQYuKWQ,information technology and services,linkedin.com/company/brainovision,hyderābād,brainovision solutions india pvt.ltd,telangana,11-50,brainovision.in
india,,cwGfPRDkUAvOQzmUpQtqjgZNcdo5,information technology and services,linkedin.com/company/a2-web-india,new delhi,a2 web india,delhi,201-500,jrsdataservices.com
india,2016,2rTLIs5gP8Yp0xMgywMvWgVDcHR6,information technology and services,linkedin.com/company/techknowaster-pvt-ltd,hyderābād,techknow aster pvt ltd,telangana,11-50,techknowaster.com
india,,XCqlK0NI3OADm2lAmVVqmQjmIOOk,information technology and services,linkedin.com/company/fentastech,kūkatpalli,fentastech,telangana,51-200,
india,,2iF7SDaHq3rgiH6vsvMoygx1OU5C,information technology and services,linkedin.com/company/jerryto,bangalore,jerryto,karnataka,1-10,
india,2012,wXUPloXZjCCa2AQU9Yas9Qgr1aba,information technology and services,linkedin.com/company/innovative-it-initiatives,nagar,innovative it initiatives,punjab,11-50,it-initiatives.com
india,2020,Jm4kVArEZXaiYACyHjY1ZAR3kX3r,information technology and services,linkedin.com/company/yarsi-corporation,vasant vihar-2,yarsi corporation,delhi,11-50,yarsicorp.com
india,,wdzowdU87pTlTgtKBNBmhgdfSzzN,information technology and services,linkedin.com/company/crystal-softwares,vadgaon budruk,crystal softwares,maharashtra,1-10,crystalsoftwares.com
india,2008,bQlHEuq1PHmN00bDHW3rsguNgJoi,information technology and services,linkedin.com/company/spuhrthi-it-solutions,kūkatpalli,spuhrthi it solutions,telangana,11-50,spuhrthiitsolutions.com
india,2020,tVUTaJGjefCXuy95iCgD1Q3y774j,information technology and services,linkedin.com/company/cdmit,morādābād,cdmit,uttar pradesh,1-10,cdmit.in
india,2020,IhJm86xesfC7LvGTnRcK1AutnTtI,information technology and services,linkedin.com/company/reasonandbeyond,jaipur,reason,rajasthan,1-10,reasonbeyond.com
india,,1b8WYRlHdxhZXXtNdAwE8Awv8jF3,information technology and services,linkedin.com/company/bonny-software-consultancy---india,sūrat,bonny software consultancy - india,gujarat,1-10,bonnysoftware.com
india,2023,7lHUJVAUwa2Mc3p8bhtWyQnZl9mF,information technology and services,linkedin.com/company/rebound-software-solutions-and-services,new delhi,rebound software solutions and services,delhi,1-10,reboundhub.com
india,2014,jDOYC3JalEIbcC0LQJWkigoxQ2pa,information technology and services,linkedin.com/company/mozility,noida,mozility,uttar pradesh,51-200,mozility.com
india,2021,BxZu0HaDuUk4tvpxEwqnMQNfmnY6,information technology and services,linkedin.com/company/adptree,electronics city,adptree solutions,karnataka,11-50,adptree.com
india,2016,g0X1GATZheYwQbxnAYIRGAzFDc6w,information technology and services,linkedin.com/company/nth-pixel-factory,kasturibai nagar,pixel factory,tamil nadu,11-50,pixelfac.com
india,2014,i9WkIa9CVOkHWgH4UXOYXgmsADpa,information technology and services,linkedin.com/company/cybertron-network-solutions,new delhi,cybertron network solutions,delhi,11-50,cybertronns.com
india,,l0suOYD0EgCBzl2xLwwC6AzGZCej,information technology and services,linkedin.com/company/eniac-infotech,kolkāta,eniac infotech,west bengal,201-500,eniacinfotech.blogspot.com
india,2020,QFErKadrdwzInE5elfqK4ACMh91g,information technology and services,linkedin.com/company/dsc-bias,bhimtal,gdsc bias,uttarakhand,11-50,
india,2013,0ZOAqtrTNCBluxNfHHQaigjkWCkE,information technology and services,linkedin.com/company/ecomsolver,jaipur,ecomsolver private limited,rajasthan,11-50,ecomsolver.com
india,2024,7Ea4aBN6Vk0pM7NdUT4aPQm0rafR,information technology and services,linkedin.com/company/ra-it-innovation,ahmedabad,ra it innovation,gujarat,1-10,raitinnovation.com
india,2001,s8pKCNoLx08agSBFa2n5ZQQkQX5p,information technology and services,linkedin.com/company/balaji-teleserve-pvt.-ltd.,delhi,balaji teleserve pvt. ltd. - phoenix secure,delhi,51-200,phoenixsecure.in
india,2017,HjLHnIcTIqGsElq8U1wCUwYMuWXC,information technology and services,linkedin.com/company/crewfoundry,banashankari iii stage,crewfoundry,karnataka,1-10,crewfoundry.com
india,,rMcJkBpvC2Nmmqfsk9ZBVAjAEZJQ,information technology and services,linkedin.com/company/software-infotech-private-limited-bangalore,bangalore,"software infotech private limited,bangalore",karnataka,51-200,
india,2021,Rt2VPyyJNbqaBidSy4A3fgGTLSd9,information technology and services,linkedin.com/company/pipe-rx,mumbai,piperx,maharashtra,1-10,
india,,KCIKwZzOb9UZC9zvu2YvhARMAtgN,information technology and services,linkedin.com/company/hunt-discount,,hunt discount,,1-10,huntdiscount.in
india,2008,ttrjrh8wpU8QlNKAUxmjXgy23BFA,information technology and services,linkedin.com/company/synosys,,synosys,,11-50,synosys.biz
india,,enEkfYIrWZ4DDzRBvcjItAV07RIw,information technology and services,linkedin.com/company/arise-software-solutions,,arise software solutions,,1-10,arisesoftwaresolutions.com
india,2011,kxRG7haPyW7Qzcim2P9EvgMIPdec,information technology and services,linkedin.com/company/rigorzone-technologies,thiruvananthapuram,rigorzone technologies,kerala,11-50,
india,2013,3nIaGpUQ60w5rjS44GvCFwx6cbd7,information technology and services,linkedin.com/company/directing-it,mumbai,directing it systems pvt. ltd.,maharashtra,1-10,directingit.com
india,,ufenvCBPo2UZnTZHkWAKxgzLhPaG,information technology and services,linkedin.com/company/dagslore-techonolog-solutions,coimbatore,dagslore techonolog solutions,tamil nadu,51-200,
india,,ksKS9f4biSANAdW1Mz0iMAuezKKk,information technology and services,linkedin.com/company/theitheaven-com,,theitheaven.com,,1-10,theitheaven.com
india,2006,OkfnWYulpVGIm87ACIBCjAGr6v9Y,information technology and services,linkedin.com/company/chaand-online-business-solutions,,chaand online business solutions,,1-10,cobsolutions.com
india,2018,WusMA3dw5BkOnfHXLXPtMwV1WPHQ,information technology and services,linkedin.com/company/digicafe,pune,digicafe,maharashtra,1-10,digicafe.com
india,2013,UOCMzV8ejcbpPpEY84nZjg5l6lGI,information technology and services,linkedin.com/company/edusystem-technoserve-private-limited,thāne,edusystem technoserve private limited,maharashtra,1-10,edusystem.in
india,2008,Pu3PBgWT9M4uk2BZzE6B4QaLIJdh,information technology and services,linkedin.com/company/ascenderstech,chennai,ascenders technologies pvt ltd,tamil nadu,51-200,ascenderstech.com
india,2019,1QWlz0AHVz2sEEN23l95AgCSpCDD,information technology and services,linkedin.com/company/aviox-technologies,mohāli,aviox technologies pvt. ltd.,punjab,51-200,avioxtechnologies.com
india,2014,pEpLZNtviXSbiF0d3UxRgQV2io3S,information technology and services,linkedin.com/company/priwanwebtech,noida,priwan web technology pvt. ltd.,uttar pradesh,11-50,priwanwebtech.com
india,2021,EB1v7UFsGUMBGgEQhJ4TrAIeqoaK,information technology and services,linkedin.com/company/ranklogs,noida sector 62,ranklogs,uttar pradesh,1-10,ranklogs.com
india,2021,HvqR9beIcUOurnxH0FxYdAOzHbiB,information technology and services,linkedin.com/company/technowit,sūrat,technowit,gujarat,1-10,technowit.co.in
india,,JjrFXplV3rJJ4KgezWP5UgQ1WpU1,information technology and services,linkedin.com/company/stumansys-india,hyderābād,stumansys official,telangana,11-50,stumansys.com
india,2022,mMoupH2UILOiVfmWLEOC8ANkDR3U,information technology and services,linkedin.com/company/vision-retail-gurugram,gurugram,vision retail (it services and it consulting),haryana,1-10,
india,,RBkQ8qiID7fr0fNwPd7pCglOm8Sw,information technology and services,linkedin.com/company/seocraftindia,kolkāta,seo craft india,west bengal,1-10,seocraftindia.com
india,2002,myLIWk8izzH3HBt7A2nsog3AByde,information technology and services,linkedin.com/company/advanced-millennium-technologies-pvt.-ltd.,bangalore,advanced millennium technologies pvt. ltd.,karnataka,51-200,amt.in
india,2019,c471o1YjPxmUIngkiMEc7A1Z6Doi,information technology and services,linkedin.com/company/fusaq-technologies,kolkāta,fusaq technologies pvt. ltd.,west bengal,11-50,fusaqtech.com
india,2024,hGKLpgeLfrt9zeC8BVuSpw7Nh3EI,information technology and services,linkedin.com/company/sk-ai-pvt-ltd,patiāla,sk ai pvt ltd,punjab,1-10,
india,,kaeXYNGiU4iHgmPh6af7Mg778bte,information technology and services,linkedin.com/company/innovasynth-technologies-limited.-khopoli.,mumbai,innovasynth technologies limited. khopoli.,maharashtra,51-200,
india,,4F7H9kpyYyAadMv8nqSNWQO2gjNr,information technology and services,linkedin.com/company/bright-future-career-solution-private-limited,thane bazar,bright future career solution private limited,maharashtra,51-200,
india,2016,GbnDox2QCogpm75DleoxvQYUCloG,information technology and services,linkedin.com/company/mtgconnect,prayagraj,mtgconnect,uttar pradesh,11-50,mtgconnect.com
india,2023,YCeipVMEzrRugF8kBDcwhg331VEu,information technology and services,linkedin.com/company/wings-it-solution,ahmedabad,wings it solution,gujarat,1-10,wingsitsolution.com
india,2019,aRfoeMKDa0GIOXVIB0UgEABgW5l5,information technology and services,linkedin.com/company/bsbtechnology,rājahmundry,bsb technology,andhra pradesh,11-50,bsbtechnology.in
india,2013,gxV4UW7Pl8UxOYS22GB61AYf3Bza,information technology and services,linkedin.com/company/online-solution-matrix,bangalore,online solution matrix,karnataka,1-10,onlinesolutionmatrix.com
india,2020,BBy3hS63CTd4xYPeZIhArAHcKvN1,information technology and services,linkedin.com/company/cavenxhq,bangalore,cavenx,karnataka,11-50,cavenx.com
india,2019,EBMsAkQCyhHjzNQdT4wP7QlyINgD,information technology and services,linkedin.com/company/startup2days,mumbai,startup2days,maharashtra,1-10,startup2days.com
india,,yb9cBsmPoTCx1wLZB7q6iA5y9NSG,information technology and services,linkedin.com/company/besttech-digital-solution,chennai,besttech digital solution,tamil nadu,1-10,besttech.in
india,,jLGu0BMIcD028m6poAoV9wLIbMCx,information technology and services,linkedin.com/company/dbaclass-com,,dbaclass.com,,1-10,dbaclass.com
india,2017,bQmRIyL1TqrcB0sB2QpmJA7qUPTd,information technology and services,linkedin.com/company/shipkaro,gurgaon,shipkaro,haryana,51-200,shipkaro.com
india,2012,LfgRTJ5RDdvQV1dFflnTOAOAkFYh,information technology and services,linkedin.com/company/edwisetech-web-mobile-experts,mohāli,edwisetech pvt ltd,punjab,1-10,
india,2015,LCjim3NmXeV026QizIXFBAycDyYg,information technology and services,linkedin.com/company/twistedpair-technologies-private-limited,bangalore,twistedpair technologies private limited,karnataka,11-50,twistedpair-technologies.com
india,2015,cLahU5sTZX0OKWYcbCMBwAfqxBuM,information technology and services,linkedin.com/company/in-destiny-technologies,ankali,destiny technologies,karnataka,1-10,destinytechnologies.in
india,,AdrBUoBOiTi9AaBPixv8mA0XJLsH,information technology and services,linkedin.com/company/aress-software-and-education-tech.-private-limited,pune,aress software and education tech. private limited,maharashtra,51-200,
india,2013,ez07fkWOWRGAe2kvSr3EAwx7klQV,information technology and services,linkedin.com/company/websoles-strategic-digital-solutions,delhi,websoles strategic digital solutions,delhi,51-200,websoles.com
india,,WiBlYPqS5TgFvc1TSKgg8g0BHD6a,information technology and services,linkedin.com/company/techjupiter,vishākhapatnam,techjupiter,andhra pradesh,11-50,techjupiter.com
india,,dBBZB3LeL4Ef2NW0lX9B1gWpt9kC,information technology and services,linkedin.com/company/federal-infotech,coimbatore,federal infotech,tamil nadu,51-200,
india,2018,CWhGjLg905nQe6Mtn3pu6gSGSbWL,information technology and services,linkedin.com/company/sap-media-corp,ghāziābād,sap media corp,uttar pradesh,201-500,sapmediacorp.com
india,2015,ghF1VM0214jXs6QBBe8yCwkBBOPY,information technology and services,linkedin.com/company/ambaginfo,pune,ambaginfo,maharashtra,11-50,ambaginfo.com
india,,z3x9ns5BQXbJ1E6M4ICEoAS9J9jc,information technology and services,linkedin.com/company/loginix-technolabs,ahmedabad,loginix technolabs,gujarat,1-10,loginixtech.com
india,2023,8A8lu5hmGECIY3x6mAnXKAEih5sD,information technology and services,linkedin.com/company/xcelerex,gurugram,xcelerex,haryana,11-50,xcelerex.com
india,2010,KmtwSOjneLXJbQyk5Wa0pwTK5YJI,information technology and services,linkedin.com/company/cosmos-computer,gorakhpur,cosmos computer,uttar pradesh,1-10,cosmoscomputer.page.tl
india,2020,s6oIRvuOuduaJahU6NtUyANCRR27,information technology and services,linkedin.com/company/tkj-business-services-pvt-ltd,indore,tkj business services pvt. ltd.,madhya pradesh,1-10,tkj-bussiness.com
india,,CSZ6DmHmFUr9DGphAKBjlg4VE4lk,information technology and services,linkedin.com/company/technostorm-solutions-pvt-ltd-,hyderābād,technostorm solutions pvt. ltd.,telangana,1-10,technostorm.in
india,2019,CThEjxuZK5tzOoR01Gp1PwRrJaVi,information technology and services,linkedin.com/company/techfine-web-services,mumbai,techfine web services,maharashtra,1-10,
india,2020,gTwi7ikcLvTADMDZhZ7mhQgB24cz,information technology and services,linkedin.com/company/quadcron,jp nagar viii phase,quadcron technologies,karnataka,11-50,quadcron.com
india,,UnxumvRPgV1Td1dZrjCVHQp2lrTd,information technology and services,linkedin.com/company/aparna-info-system,bhopāl,aparna info system,madhya pradesh,51-200,aparnainfosystem.in
india,2019,edTXCMQLBawWSmzHHIdLiwhFguWO,information technology and services,linkedin.com/company/hoximoxin,ponnāni,hoximoxin,kerala,1-10,hoximoxin.com
india,2019,NPv4RemMSNCbbBoYaibL6g1NqTkA,information technology and services,linkedin.com/company/unirentindia,mumbai,unirent technologies pvt ltd,maharashtra,1-10,unirent.in
india,2013,CsNCKdg5lCAeKJz7LGG4KQjfurI6,information technology and services,linkedin.com/company/idealogicsoftwaresolutions,indore uchchanyayalay,idealogic software solutions pvt ltd. indore,madhya pradesh,1-10,idealogicsoftware.com
india,,kiM71RovfsOuHETTSvsbewpOZVeB,information technology and services,linkedin.com/company/gg-software,bangalore,gg software,karnataka,201-500,ggsoftware.co.in
india,2021,aY3HufnVBLEMIDNsRZxkJQflP3iS,information technology and services,linkedin.com/company/bael,,bael,delhi,1-10,bael.trade
india,2000,iVLpoMYAkiJjaGEWCGsByQORsojA,information technology and services,linkedin.com/company/atozinfoway,sūrat,atoz infoway llp,gujarat,11-50,atozinfoway.com
india,2012,5TiycZeCduA7nEiZUwNnugOEv09P,information technology and services,linkedin.com/company/auxtaa-technologies-llp,delhi,auxtaa technologies llp,delhi,51-200,auxtaa.com
india,2018,ENYCCnlZeY8UlSSWDO5ZZwRgM9A1,information technology and services,linkedin.com/company/legacit-infotech,kochi,legacit infotech pvt ltd,kerala,11-50,legacit.com
india,2014,DGB5zwc99OHqz0Ehr5BtbgvH8Kwf,information technology and services,linkedin.com/company/ecove-solutions-private-limited,mohāli,ecove solutions private limited,punjab,51-200,ecovesolutions.com
india,2022,5fJAmr9qrWn1mU1nCCm2WwHoo5il,information technology and services,linkedin.com/company/bubbble-studio,indore,bubbble studio,madhya pradesh,1-10,bubbble.studio
india,2014,B6aS55ZKK5CTV5wCO1R6IQSGoERF,information technology and services,linkedin.com/company/mlit,dist. court building,mlit - sol pvt ltd.,telangana,11-50,mlitsol.com
india,,ChkFNSjLosBPnbX8lAjVjQypC0fF,information technology and services,linkedin.com/company/rockstacktech,bangalore,rockstack technologies pvt ltd,karnataka,11-50,rockstack.in
india,2024,8cCvGH5N1BoP9XKN4sbx4g2zs4oT,information technology and services,linkedin.com/company/weblancerstudio,kolkāta,weblancer,west bengal,11-50,wordpressgeeksonline.com
india,,gvQRtWWM2Cq6AiVRRCaqxgjBU4BF,information technology and services,linkedin.com/company/institute-of-information-securit,new delhi,institute of information securit,delhi,201-500,
india,,sxCa2er2r0X5bXCadm4HngIdmEMk,information technology and services,linkedin.com/company/pikheretechnologies,mumbai,pikhere technologies,maharashtra,51-200,sidzo.com
india,2014,BwVxp06vPGs8jxHZnvHEGAegNyHg,information technology and services,linkedin.com/company/apnistreet-services-private-limited,hyderābād,apnistreet services private limited,telangana,1-10,apnistreet.com
india,1992,3JbN6ODP42MpcrXHCwwxcAvWbaId,information technology and services,linkedin.com/company/innova-systems-india-pvt-ltd,ahmedabad,innova systems,gujarat,51-200,innova-india.com
india,2010,WpyqskGrXt97XhCFnnlmBgc8KUMJ,information technology and services,linkedin.com/company/expert18-technologies,bhopāl,expert18 technologies,madhya pradesh,51-200,
india,2020,vyQ9IGKDLHenMfi65H6TAQrjY8Pe,information technology and services,linkedin.com/company/sahajanand-computers,vadodara,sahajanand computers,gujarat,1-10,
india,2020,iyNj7qsZvVFbVfrYKoUgFwN58hOF,information technology and services,linkedin.com/company/triumph-sbj-solutions-pvt-ltd,kathura block,triumph sbj solutions pvt. ltd.,haryana,11-50,triumphsbjsolutions.com
india,2017,hyKetKrIYJ7Oh6bpmwCMiAelgr7l,information technology and services,linkedin.com/company/netzure-turnkey-solutions-pvt-ltd,navi mumbai,netzure turnkey solutions pvt ltd,maharashtra,11-50,netzuresolutions.com
india,2014,5VNdHCAuQl9c2XH89d8UgwHv9T89,information technology and services,linkedin.com/company/niveosys-technologies,calicut,niveosys technologies pvt ltd.,kerala,11-50,
india,,EmdQoDfSCkEvg6Pr3qbjvQ6ZTRvE,information technology and services,linkedin.com/company/techsys-,thāne,techsysplus global services,maharashtra,11-50,techsysplus.com
india,2020,HsfC03O5DJNqXUXrIVWCagzZbx42,information technology and services,linkedin.com/company/amprovise,jaipur,digital pedant,rajasthan,1-10,digitalpedant.com
india,2021,D8OsXfMWQxzALSIUiCUbFg4pIbar,information technology and services,linkedin.com/company/empire-business-solutions1,mumbai,empire business solutions,maharashtra,11-50,
india,2018,zWDzefCTC4PgYEjj83C4wQStr0Rh,information technology and services,linkedin.com/company/affinitytechsol,mumbai,affinity technology solutions (a navicent solutions company),maharashtra,1-10,affinitytechsol.com
india,,kfXla24btMuO1CpiBSQBtwAbZCDl,information technology and services,linkedin.com/company/computer-&-cctv,kolkāta,computer & cctv,west bengal,1-10,computercctv.business.site
india,2011,FojG92hkv5LZJOpJuImSbQbEBlER,information technology and services,linkedin.com/company/mavin-globus,dehra dūn,mavin globus,uttarakhand,51-200,mavinglobus.com
